{"displayFieldName":"","fieldAliases":{"FID":"FID","Id":"Id","height":"height","flg":"flg","name":"name"},"geometryType":"esriGeometryPolyline","spatialReference":{"wkid":4326,"latestWkid":4326},"fields":[{"name":"FID","type":"esriFieldTypeOID","alias":"FID"},{"name":"Id","type":"esriFieldTypeInteger","alias":"Id"},{"name":"height","type":"esriFieldTypeSingle","alias":"height"},{"name":"flg","type":"esriFieldTypeSingle","alias":"flg"},{"name":"name","type":"esriFieldTypeString","alias":"name","length":254}],"features":[{"attributes":{"FID":0,"Id":0,"height":12.430000305175781,"flg":2,"name":"4-0-1016"},"geometry":{"paths":[[[120.08346079981595,30.301428788393764],[120.08356912381623,30.301429023393837],[120.08356938963216,30.301411417302123],[120.08346104081613,30.301412040393757],[120.08346079981595,30.301428788393764]]]}}]}