{"displayFieldName":"","fieldAliases":{"FID":"FID","Id":"Id","height":"height","flg":"flg","name":"name"},"geometryType":"esriGeometryPolyline","spatialReference":{"wkid":4326,"latestWkid":4326},"fields":[{"name":"FID","type":"esriFieldTypeOID","alias":"FID"},{"name":"Id","type":"esriFieldTypeInteger","alias":"Id"},{"name":"height","type":"esriFieldTypeSingle","alias":"height"},{"name":"flg","type":"esriFieldTypeSingle","alias":"flg"},{"name":"name","type":"esriFieldTypeString","alias":"name","length":254}],"features":[{"attributes":{"FID":0,"Id":0,"height":12.430000305175781,"flg":1.2000000476837158,"name":"4-0-1052"},"geometry":{"paths":[[[120.08397290164878,30.301472404558044],[120.08400424143819,30.301472663959235],[120.08400437577556,30.301468046602086],[120.08397291908038,30.301467514245335],[120.08397290164869,30.301472404558055]]]}}]}