{"displayFieldName":"","fieldAliases":{"FID":"FID","Id":"Id","height":"height","flg":"flg","name":"name"},"geometryType":"esriGeometryPolyline","spatialReference":{"wkid":4326,"latestWkid":4326},"fields":[{"name":"FID","type":"esriFieldTypeOID","alias":"FID"},{"name":"Id","type":"esriFieldTypeInteger","alias":"Id"},{"name":"height","type":"esriFieldTypeSingle","alias":"height"},{"name":"flg","type":"esriFieldTypeSingle","alias":"flg"},{"name":"name","type":"esriFieldTypeString","alias":"name","length":254}],"features":[{"attributes":{"FID":0,"Id":0,"height":12.430000305175781,"flg":0.5,"name":"4-0-102"},"geometry":{"paths":[[[120.08351609900001,30.301583446000052],[120.083568077,30.301583569000055],[120.08356806441486,30.301560500716672],[120.08351608400005,30.301560431000041],[120.08351609888905,30.301583446019379]]]}}]}