{"displayFieldName":"","fieldAliases":{"FID":"FID","Id":"Id","height":"height","flg":"flg","name":"name"},"geometryType":"esriGeometryPolyline","spatialReference":{"wkid":4326,"latestWkid":4326},"fields":[{"name":"FID","type":"esriFieldTypeOID","alias":"FID"},{"name":"Id","type":"esriFieldTypeInteger","alias":"Id"},{"name":"height","type":"esriFieldTypeSingle","alias":"height"},{"name":"flg","type":"esriFieldTypeSingle","alias":"flg"},{"name":"name","type":"esriFieldTypeString","alias":"name","length":254}],"features":[{"attributes":{"FID":0,"Id":0,"height":12.430000305175781,"flg":1.2000000476837158,"name":"4-0-1057"},"geometry":{"paths":[[[120.0842645042449,30.301472923362244],[120.08426455912847,30.301469814887501],[120.08429520712848,30.301470132887548],[120.08429518355818,30.30147330408095],[120.0842645042449,30.301472923362244]]]}}]}