{"displayFieldName":"","fieldAliases":{"FID":"FID","Id":"Id","height":"height","flg":"flg","name":"name"},"geometryType":"esriGeometryPolyline","spatialReference":{"wkid":4326,"latestWkid":4326},"fields":[{"name":"FID","type":"esriFieldTypeOID","alias":"FID"},{"name":"Id","type":"esriFieldTypeInteger","alias":"Id"},{"name":"height","type":"esriFieldTypeSingle","alias":"height"},{"name":"flg","type":"esriFieldTypeSingle","alias":"flg"},{"name":"name","type":"esriFieldTypeString","alias":"name","length":254}],"features":[{"attributes":{"FID":0,"Id":0,"height":12.430000305175781,"flg":2,"name":"4-0-1028"},"geometry":{"paths":[[[120.08416580614239,30.301426056155456],[120.0841658335129,30.301429281838075],[120.08416949386844,30.30142924442692],[120.08416948276756,30.3014259592372],[120.08416580614239,30.301426056155456]]]}}]}