{"displayFieldName":"","fieldAliases":{"FID":"FID","Shape_Leng":"Shape_Leng","height":"height","flg":"flg","name":"name"},"geometryType":"esriGeometryPolyline","spatialReference":{"wkid":4326,"latestWkid":4326},"fields":[{"name":"FID","type":"esriFieldTypeOID","alias":"FID"},{"name":"Shape_Leng","type":"esriFieldTypeDouble","alias":"Shape_Leng"},{"name":"height","type":"esriFieldTypeSingle","alias":"height"},{"name":"flg","type":"esriFieldTypeSingle","alias":"flg"},{"name":"name","type":"esriFieldTypeString","alias":"name","length":254}],"features":[{"attributes":{"FID":0,"Shape_Leng":0.00039652735841000001,"height":13.829999923706055,"flg":3.8599998950958252,"name":"4-1-11163"},"geometry":{"paths":[[[120.08424499400007,30.301867554000069],[120.08434771000009,30.301867773000083],[120.08434737800007,30.301815726000086],[120.08434709800008,30.30177180700008],[120.08424486700005,30.301771942000073],[120.08424499400007,30.301867554000069]]]}}]}