{"displayFieldName":"","fieldAliases":{"FID":"FID","Shape_Leng":"Shape_Leng","height":"height","flg":"flg","name":"name"},"geometryType":"esriGeometryPolyline","spatialReference":{"wkid":4326,"latestWkid":4326},"fields":[{"name":"FID","type":"esriFieldTypeOID","alias":"FID"},{"name":"Shape_Leng","type":"esriFieldTypeDouble","alias":"Shape_Leng"},{"name":"height","type":"esriFieldTypeSingle","alias":"height"},{"name":"flg","type":"esriFieldTypeSingle","alias":"flg"},{"name":"name","type":"esriFieldTypeString","alias":"name","length":254}],"features":[{"attributes":{"FID":0,"Shape_Leng":0.000207210308433,"height":13.829999923706055,"flg":3.8599998950958252,"name":"4-1-11162"},"geometry":{"paths":[[[120.084295924,30.301749143000052],[120.08434699700001,30.301749075000089],[120.08434730900001,30.301741421000088],[120.08434911400002,30.301697115000081],[120.08429694900008,30.301697184000091],[120.084295924,30.301749143000052]]]}}]}