{"displayFieldName":"","fieldAliases":{"FID":"FID","Shape_Leng":"Shape_Leng","height":"height","flg":"flg","name":"name"},"geometryType":"esriGeometryPolyline","spatialReference":{"wkid":4326,"latestWkid":4326},"fields":[{"name":"FID","type":"esriFieldTypeOID","alias":"FID"},{"name":"Shape_Leng","type":"esriFieldTypeDouble","alias":"Shape_Leng"},{"name":"height","type":"esriFieldTypeSingle","alias":"height"},{"name":"flg","type":"esriFieldTypeSingle","alias":"flg"},{"name":"name","type":"esriFieldTypeString","alias":"name","length":254}],"features":[{"attributes":{"FID":0,"Shape_Leng":0.00020787218051100001,"height":13.829999923706055,"flg":3.8599998950958252,"name":"4-1-1111"},"geometry":{"paths":[[[120.08408891600004,30.301749417000053],[120.08408884800008,30.301697459000081],[120.0840368690001,30.301697528000091],[120.08403693800005,30.301749485000073],[120.08408891600004,30.301749417000053]]]}}]}