{"displayFieldName":"","fieldAliases":{"FID":"FID","Shape_Leng":"Shape_Leng","height":"height","flg":"flg","name":"name"},"geometryType":"esriGeometryPolyline","spatialReference":{"wkid":4326,"latestWkid":4326},"fields":[{"name":"FID","type":"esriFieldTypeOID","alias":"FID"},{"name":"Shape_Leng","type":"esriFieldTypeDouble","alias":"Shape_Leng"},{"name":"height","type":"esriFieldTypeSingle","alias":"height"},{"name":"flg","type":"esriFieldTypeSingle","alias":"flg"},{"name":"name","type":"esriFieldTypeString","alias":"name","length":254}],"features":[{"attributes":{"FID":0,"Shape_Leng":0.00039318774171099999,"height":13.829999923706055,"flg":3.8599998950958252,"name":"4-1-1139"},"geometry":{"paths":[[[120.08341291600004,30.301260035000041],[120.0835158970001,30.301260033000062],[120.08351589600011,30.301165696000055],[120.08341426700008,30.30116580400005],[120.08341355000005,30.301215806000073],[120.08341291600004,30.301260035000041]]]}}]}