{"displayFieldName":"","fieldAliases":{"FID":"FID","Shape_Leng":"Shape_Leng","height":"height","flg":"flg","name":"name"},"geometryType":"esriGeometryPolyline","spatialReference":{"wkid":4326,"latestWkid":4326},"fields":[{"name":"FID","type":"esriFieldTypeOID","alias":"FID"},{"name":"Shape_Leng","type":"esriFieldTypeDouble","alias":"Shape_Leng"},{"name":"height","type":"esriFieldTypeSingle","alias":"height"},{"name":"flg","type":"esriFieldTypeSingle","alias":"flg"},{"name":"name","type":"esriFieldTypeString","alias":"name","length":254}],"features":[{"attributes":{"FID":0,"Shape_Leng":0.00020864901178499999,"height":13.829999923706055,"flg":3.8599998950958252,"name":"4-1-1137"},"geometry":{"paths":[[[120.08356789000004,30.301282764000064],[120.08361986800003,30.301282763000074],[120.08361987000001,30.301335092000045],[120.08356789100003,30.301335127000073],[120.08356789000004,30.301282764000064]]]}}]}