{"displayFieldName":"","fieldAliases":{"FID":"FID","Shape_Leng":"Shape_Leng","height":"height","flg":"flg","name":"name"},"geometryType":"esriGeometryPolyline","spatialReference":{"wkid":4326,"latestWkid":4326},"fields":[{"name":"FID","type":"esriFieldTypeOID","alias":"FID"},{"name":"Shape_Leng","type":"esriFieldTypeDouble","alias":"Shape_Leng"},{"name":"height","type":"esriFieldTypeSingle","alias":"height"},{"name":"flg","type":"esriFieldTypeSingle","alias":"flg"},{"name":"name","type":"esriFieldTypeString","alias":"name","length":254}],"features":[{"attributes":{"FID":0,"Shape_Leng":0.00039878166525199999,"height":13.829999923706055,"flg":3.8599998950958252,"name":"4-1-1116"},"geometry":{"paths":[[[120.08414054700006,30.301772081000081],[120.08414103600001,30.301867334000065],[120.08424499400007,30.301867554000069],[120.08424486700005,30.301771942000073],[120.08414091000009,30.301772081000081]]]}}]}