{"displayFieldName":"","fieldAliases":{"FID":"FID","Shape_Leng":"Shape_Leng","height":"height","flg":"flg","name":"name"},"geometryType":"esriGeometryPolyline","spatialReference":{"wkid":4326,"latestWkid":4326},"fields":[{"name":"FID","type":"esriFieldTypeOID","alias":"FID"},{"name":"Shape_Leng","type":"esriFieldTypeDouble","alias":"Shape_Leng"},{"name":"height","type":"esriFieldTypeSingle","alias":"height"},{"name":"flg","type":"esriFieldTypeSingle","alias":"flg"},{"name":"name","type":"esriFieldTypeString","alias":"name","length":254}],"features":[{"attributes":{"FID":0,"Shape_Leng":0.00039788330915199998,"height":13.829999923706055,"flg":3.8599998950958252,"name":"4-1-1104"},"geometry":{"paths":[[[120.083516218,30.301772906000053],[120.08351634300004,30.301867852000044],[120.08362021800008,30.30186795700007],[120.08362009200005,30.301772769000081],[120.083516218,30.301772906000053]]]}}]}