{"displayFieldName":"","fieldAliases":{"FID":"FID","Shape_Leng":"Shape_Leng","height":"height","flg":"flg","name":"name"},"geometryType":"esriGeometryPolyline","spatialReference":{"wkid":4326,"latestWkid":4326},"fields":[{"name":"FID","type":"esriFieldTypeOID","alias":"FID"},{"name":"Shape_Leng","type":"esriFieldTypeDouble","alias":"Shape_Leng"},{"name":"height","type":"esriFieldTypeSingle","alias":"height"},{"name":"flg","type":"esriFieldTypeSingle","alias":"flg"},{"name":"name","type":"esriFieldTypeString","alias":"name","length":254}],"features":[{"attributes":{"FID":0,"Shape_Leng":0.00020871701180500001,"height":13.829999923706055,"flg":3.8599998950958252,"name":"4-1-1138"},"geometry":{"paths":[[[120.08356789000004,30.301282764000064],[120.08351591100006,30.301282766000043],[120.08351591200005,30.301335162000044],[120.08356789100003,30.301335127000073],[120.08356789000004,30.301282764000064]]]}}]}