{"displayFieldName":"","fieldAliases":{"FID":"FID","Shape_Leng":"Shape_Leng","height":"height","flg":"flg","name":"name"},"geometryType":"esriGeometryPolyline","spatialReference":{"wkid":4326,"latestWkid":4326},"fields":[{"name":"FID","type":"esriFieldTypeOID","alias":"FID"},{"name":"Shape_Leng","type":"esriFieldTypeDouble","alias":"Shape_Leng"},{"name":"height","type":"esriFieldTypeSingle","alias":"height"},{"name":"flg","type":"esriFieldTypeSingle","alias":"flg"},{"name":"name","type":"esriFieldTypeString","alias":"name","length":254}],"features":[{"attributes":{"FID":0,"Shape_Leng":0.00021632710700900001,"height":13.829999923706055,"flg":3.8599998950958252,"name":"4-1-1189"},"geometry":{"paths":[[[120.08338122500004,30.301698138000063],[120.08338120200006,30.301735611000083],[120.08330974100011,30.30173569100009],[120.08331070600002,30.301698833000046],[120.08338122500004,30.301698138000063]]]}}]}