{"displayFieldName":"","fieldAliases":{"FID":"FID","Shape_Leng":"Shape_Leng","height":"height","flg":"flg","name":"name"},"geometryType":"esriGeometryPolyline","spatialReference":{"wkid":4326,"latestWkid":4326},"fields":[{"name":"FID","type":"esriFieldTypeOID","alias":"FID"},{"name":"Shape_Leng","type":"esriFieldTypeDouble","alias":"Shape_Leng"},{"name":"height","type":"esriFieldTypeSingle","alias":"height"},{"name":"flg","type":"esriFieldTypeSingle","alias":"flg"},{"name":"name","type":"esriFieldTypeString","alias":"name","length":254}],"features":[{"attributes":{"FID":0,"Shape_Leng":0.00022952912250799999,"height":13.829999923706055,"flg":3.8599998950958252,"name":"4-1-1191"},"geometry":{"paths":[[[120.08338249300004,30.301816100000053],[120.08338116600009,30.301865564000082],[120.083336949,30.301865134000082],[120.08333716200002,30.301815895000061],[120.08333832100004,30.301794053000037],[120.0833817460001,30.301794829000073],[120.08338249300004,30.301816100000053]]]}}]}