{"displayFieldName":"","fieldAliases":{"FID":"FID","Shape_Leng":"Shape_Leng","height":"height","flg":"flg","name":"name"},"geometryType":"esriGeometryPolyline","spatialReference":{"wkid":4326,"latestWkid":4326},"fields":[{"name":"FID","type":"esriFieldTypeOID","alias":"FID"},{"name":"Shape_Leng","type":"esriFieldTypeDouble","alias":"Shape_Leng"},{"name":"height","type":"esriFieldTypeSingle","alias":"height"},{"name":"flg","type":"esriFieldTypeSingle","alias":"flg"},{"name":"name","type":"esriFieldTypeString","alias":"name","length":254}],"features":[{"attributes":{"FID":0,"Shape_Leng":0.00030612762309400001,"height":13.829999923706055,"flg":3.8599998950958252,"name":"4-1-1107"},"geometry":{"paths":[[[120.083824693,30.301749772000051],[120.08382488800009,30.301739529000088],[120.0838256830001,30.301697905000083],[120.08372407400009,30.301697807000039],[120.08372414400003,30.301749900000061],[120.083824693,30.301749772000051]]]}}]}