{"displayFieldName":"","fieldAliases":{"FID":"FID","Shape_Leng":"Shape_Leng","height":"height","flg":"flg","name":"name"},"geometryType":"esriGeometryPolyline","spatialReference":{"wkid":4326,"latestWkid":4326},"fields":[{"name":"FID","type":"esriFieldTypeOID","alias":"FID"},{"name":"Shape_Leng","type":"esriFieldTypeDouble","alias":"Shape_Leng"},{"name":"height","type":"esriFieldTypeSingle","alias":"height"},{"name":"flg","type":"esriFieldTypeSingle","alias":"flg"},{"name":"name","type":"esriFieldTypeString","alias":"name","length":254}],"features":[{"attributes":{"FID":0,"Shape_Leng":0.000396633483321,"height":13.829999923706055,"flg":3.8599998950958252,"name":"4-1-1123"},"geometry":{"paths":[[[120.084140574,30.301165818000072],[120.08424453300006,30.301165501000071],[120.08424453400005,30.301260017000061],[120.0841405760001,30.30126001800005],[120.084140574,30.301165818000072]]]}}]}