{"displayFieldName":"","fieldAliases":{"FID":"FID","Shape_Leng":"Shape_Leng","height":"height","flg":"flg","name":"name"},"geometryType":"esriGeometryPolyline","spatialReference":{"wkid":4326,"latestWkid":4326},"fields":[{"name":"FID","type":"esriFieldTypeOID","alias":"FID"},{"name":"Shape_Leng","type":"esriFieldTypeDouble","alias":"Shape_Leng"},{"name":"height","type":"esriFieldTypeSingle","alias":"height"},{"name":"flg","type":"esriFieldTypeSingle","alias":"flg"},{"name":"name","type":"esriFieldTypeString","alias":"name","length":254}],"features":[{"attributes":{"FID":0,"Shape_Leng":0.00039775805933499998,"height":13.829999923706055,"flg":3.8599998950958252,"name":"4-1-1133"},"geometry":{"paths":[[[120.08361900800003,30.301260030000037],[120.08361985500005,30.301260030000037],[120.08372381100003,30.301260027000069],[120.08372380900005,30.301165474000072],[120.08361985200008,30.301165585000035],[120.08361985500005,30.301260030000037]]]}}]}