{"displayFieldName":"","fieldAliases":{"FID":"FID","Shape_Leng":"Shape_Leng","height":"height","flg":"flg","name":"name"},"geometryType":"esriGeometryPolyline","spatialReference":{"wkid":4326,"latestWkid":4326},"fields":[{"name":"FID","type":"esriFieldTypeOID","alias":"FID"},{"name":"Shape_Leng","type":"esriFieldTypeDouble","alias":"Shape_Leng"},{"name":"height","type":"esriFieldTypeSingle","alias":"height"},{"name":"flg","type":"esriFieldTypeSingle","alias":"flg"},{"name":"name","type":"esriFieldTypeString","alias":"name","length":254}],"features":[{"attributes":{"FID":0,"Shape_Leng":0.000239571703923,"height":13.829999923706055,"flg":3.8599998950958252,"name":"4-1-1188"},"geometry":{"paths":[[[120.08338494900011,30.301240928000084],[120.08338514000002,30.301215410000054],[120.08338551700001,30.301164788000051],[120.08334185000001,30.301164464000067],[120.08334141800003,30.301214722000054],[120.08334096600004,30.301240231000065],[120.08335889200009,30.301240515000075],[120.0833711680001,30.301240709000069],[120.08338494900011,30.301240928000084]]]}}]}