{"displayFieldName":"","fieldAliases":{"FID":"FID","Shape_Leng":"Shape_Leng","height":"height","flg":"flg","name":"name"},"geometryType":"esriGeometryPolyline","spatialReference":{"wkid":4326,"latestWkid":4326},"fields":[{"name":"FID","type":"esriFieldTypeOID","alias":"FID"},{"name":"Shape_Leng","type":"esriFieldTypeDouble","alias":"Shape_Leng"},{"name":"height","type":"esriFieldTypeSingle","alias":"height"},{"name":"flg","type":"esriFieldTypeSingle","alias":"flg"},{"name":"name","type":"esriFieldTypeString","alias":"name","length":254}],"features":[{"attributes":{"FID":0,"Shape_Leng":0.00020858430014099999,"height":13.829999923706055,"flg":3.8599998950958252,"name":"4-1-1141"},"geometry":{"paths":[[[120.08346427200001,30.301335324000036],[120.08346424000001,30.301282768000078],[120.08341257000006,30.301282768000078],[120.08341263200009,30.301335486000085],[120.08346427200001,30.301335324000036]]]}}]}