{"displayFieldName":"","fieldAliases":{"FID":"FID","Shape_Leng":"Shape_Leng","height":"height","flg":"flg","name":"name"},"geometryType":"esriGeometryPolyline","spatialReference":{"wkid":4326,"latestWkid":4326},"fields":[{"name":"FID","type":"esriFieldTypeOID","alias":"FID"},{"name":"Shape_Leng","type":"esriFieldTypeDouble","alias":"Shape_Leng"},{"name":"height","type":"esriFieldTypeSingle","alias":"height"},{"name":"flg","type":"esriFieldTypeSingle","alias":"flg"},{"name":"name","type":"esriFieldTypeString","alias":"name","length":254}],"features":[{"attributes":{"FID":0,"Shape_Leng":0.000312492148356,"height":13.829999923706055,"flg":3.8599998950958252,"name":"4-1-1103"},"geometry":{"paths":[[[120.08351613500008,30.301697606000062],[120.08351620400003,30.301749992000055],[120.08362009200005,30.301750036000044],[120.08362002300009,30.301697706000084],[120.08351613500008,30.301697606000062]]]}}]}