{"displayFieldName":"","fieldAliases":{"FID":"FID","Shape_Leng":"Shape_Leng","height":"height","flg":"flg","name":"name"},"geometryType":"esriGeometryPolyline","spatialReference":{"wkid":4326,"latestWkid":4326},"fields":[{"name":"FID","type":"esriFieldTypeOID","alias":"FID"},{"name":"Shape_Leng","type":"esriFieldTypeDouble","alias":"Shape_Leng"},{"name":"height","type":"esriFieldTypeSingle","alias":"height"},{"name":"flg","type":"esriFieldTypeSingle","alias":"flg"},{"name":"name","type":"esriFieldTypeString","alias":"name","length":254}],"features":[{"attributes":{"FID":0,"Shape_Leng":0.00020806632939499999,"height":13.829999923706055,"flg":3.8599998950958252,"name":"4-1-1134"},"geometry":{"paths":[[[120.08367184700001,30.301282761000039],[120.08372382500011,30.301282760000049],[120.0837238260001,30.301334723000082],[120.08367184800011,30.301334908000058],[120.08367184700001,30.301282761000039]]]}}]}