{"displayFieldName":"","fieldAliases":{"FID":"FID","Shape_Leng":"Shape_Leng","height":"height","flg":"flg","name":"name"},"geometryType":"esriGeometryPolyline","spatialReference":{"wkid":4326,"latestWkid":4326},"fields":[{"name":"FID","type":"esriFieldTypeOID","alias":"FID"},{"name":"Shape_Leng","type":"esriFieldTypeDouble","alias":"Shape_Leng"},{"name":"height","type":"esriFieldTypeSingle","alias":"height"},{"name":"flg","type":"esriFieldTypeSingle","alias":"flg"},{"name":"name","type":"esriFieldTypeString","alias":"name","length":254}],"features":[{"attributes":{"FID":0,"Shape_Leng":0.00039814219538499999,"height":13.829999923706055,"flg":3.8599998950958252,"name":"4-1-1121"},"geometry":{"paths":[[[120.08424453400005,30.301260017000061],[120.08434814200007,30.301260014000036],[120.08434743700002,30.30121560200007],[120.08434966300001,30.301165181000044],[120.08424453300006,30.301165501000071],[120.08424453400005,30.301260017000061]]]}}]}