{"displayFieldName":"","fieldAliases":{"FID":"FID","Shape_Leng":"Shape_Leng","height":"height","flg":"flg","name":"name"},"geometryType":"esriGeometryPolyline","spatialReference":{"wkid":4326,"latestWkid":4326},"fields":[{"name":"FID","type":"esriFieldTypeOID","alias":"FID"},{"name":"Shape_Leng","type":"esriFieldTypeDouble","alias":"Shape_Leng"},{"name":"height","type":"esriFieldTypeSingle","alias":"height"},{"name":"flg","type":"esriFieldTypeSingle","alias":"flg"},{"name":"name","type":"esriFieldTypeString","alias":"name","length":254}],"features":[{"attributes":{"FID":0,"Shape_Leng":0.00020787218339300001,"height":13.829999923706055,"flg":3.8599998950958252,"name":"4-1-1115"},"geometry":{"paths":[[[120.084192874,30.301749280000081],[120.0842448520001,30.301749210000082],[120.08424478400002,30.301697253000043],[120.08419280500004,30.301697322000052],[120.084192874,30.301749280000081]]]}}]}