{"displayFieldName":"","fieldAliases":{"FID":"FID","Shape_Leng":"Shape_Leng","height":"height","flg":"flg","name":"name"},"geometryType":"esriGeometryPolyline","spatialReference":{"wkid":4326,"latestWkid":4326},"fields":[{"name":"FID","type":"esriFieldTypeOID","alias":"FID"},{"name":"Shape_Leng","type":"esriFieldTypeDouble","alias":"Shape_Leng"},{"name":"height","type":"esriFieldTypeSingle","alias":"height"},{"name":"flg","type":"esriFieldTypeSingle","alias":"flg"},{"name":"name","type":"esriFieldTypeString","alias":"name","length":254}],"features":[{"attributes":{"FID":0,"Shape_Leng":0.000311834000017,"height":13.829999923706055,"flg":3.8599998950958252,"name":"4-1-1126"},"geometry":{"paths":[[[120.08403663500007,30.301282753000066],[120.08414059200004,30.301282750000041],[120.08414059300003,30.301334710000049],[120.08403663500007,30.301334712000084],[120.08403663500007,30.301282753000066]]]}}]}