{"displayFieldName":"","fieldAliases":{"FID":"FID","Shape_Leng":"Shape_Leng","height":"height","flg":"flg","name":"name"},"geometryType":"esriGeometryPolyline","spatialReference":{"wkid":4326,"latestWkid":4326},"fields":[{"name":"FID","type":"esriFieldTypeOID","alias":"FID"},{"name":"Shape_Leng","type":"esriFieldTypeDouble","alias":"Shape_Leng"},{"name":"height","type":"esriFieldTypeSingle","alias":"height"},{"name":"flg","type":"esriFieldTypeSingle","alias":"flg"},{"name":"name","type":"esriFieldTypeString","alias":"name","length":254}],"features":[{"attributes":{"FID":0,"Shape_Leng":0.00019536510785899999,"height":17.690000534057617,"flg":3.8599998950958252,"name":"4-2-1205"},"geometry":{"paths":[[[120.08372414400003,30.301749899000072],[120.08376975300007,30.301749839000081],[120.0837697500001,30.301697851000085],[120.08372407400009,30.301697807000039],[120.08372414400003,30.301749899000072]]]}}]}