{"displayFieldName":"","fieldAliases":{"FID":"FID","Shape_Leng":"Shape_Leng","height":"height","flg":"flg","name":"name"},"geometryType":"esriGeometryPolyline","spatialReference":{"wkid":4326,"latestWkid":4326},"fields":[{"name":"FID","type":"esriFieldTypeOID","alias":"FID"},{"name":"Shape_Leng","type":"esriFieldTypeDouble","alias":"Shape_Leng"},{"name":"height","type":"esriFieldTypeSingle","alias":"height"},{"name":"flg","type":"esriFieldTypeSingle","alias":"flg"},{"name":"name","type":"esriFieldTypeString","alias":"name","length":254}],"features":[{"attributes":{"FID":0,"Shape_Leng":0.00023360036280999999,"height":17.690000534057617,"flg":3.8599998950958252,"name":"4-2-1282"},"geometry":{"paths":[[[120.08390432100009,30.301213654000037],[120.08390454700009,30.30123554100004],[120.08385852600009,30.301235214000087],[120.08385963500007,30.301218220000067],[120.08386094400009,30.301163182000039],[120.08390420900002,30.301163313000075],[120.08390432100009,30.301213654000037]]]}}]}