{"displayFieldName":"","fieldAliases":{"FID":"FID","Shape_Leng":"Shape_Leng","height":"height","flg":"flg","name":"name"},"geometryType":"esriGeometryPolyline","spatialReference":{"wkid":4326,"latestWkid":4326},"fields":[{"name":"FID","type":"esriFieldTypeOID","alias":"FID"},{"name":"Shape_Leng","type":"esriFieldTypeDouble","alias":"Shape_Leng"},{"name":"height","type":"esriFieldTypeSingle","alias":"height"},{"name":"flg","type":"esriFieldTypeSingle","alias":"flg"},{"name":"name","type":"esriFieldTypeString","alias":"name","length":254}],"features":[{"attributes":{"FID":0,"Shape_Leng":0.00025476401873000002,"height":17.690000534057617,"flg":3.8599998950958252,"name":"4-2-1243"},"geometry":{"paths":[[[120.0835869010001,30.301260031000083],[120.08361985500005,30.301260030000037],[120.08361985200008,30.301165585000035],[120.08358689800002,30.301165620000063],[120.0835869010001,30.301260031000083]]]}}]}