{"displayFieldName":"","fieldAliases":{"FID":"FID","Shape_Leng":"Shape_Leng","height":"height","flg":"flg","name":"name"},"geometryType":"esriGeometryPolyline","spatialReference":{"wkid":4326,"latestWkid":4326},"fields":[{"name":"FID","type":"esriFieldTypeOID","alias":"FID"},{"name":"Shape_Leng","type":"esriFieldTypeDouble","alias":"Shape_Leng"},{"name":"height","type":"esriFieldTypeSingle","alias":"height"},{"name":"flg","type":"esriFieldTypeSingle","alias":"flg"},{"name":"name","type":"esriFieldTypeString","alias":"name","length":254}],"features":[{"attributes":{"FID":0,"Shape_Leng":0.000398964380592,"height":17.690000534057617,"flg":3.8599998950958252,"name":"4-2-1235"},"geometry":{"paths":[[[120.08393038400004,30.301259899000058],[120.08403661900002,30.301260021000076],[120.08403661900002,30.301259959000049],[120.08403661700004,30.301166135000074],[120.08393123600001,30.30116645600009],[120.08392996700002,30.301214016000074],[120.08393038400004,30.301259899000058]]]}}]}