{"displayFieldName":"","fieldAliases":{"FID":"FID","Shape_Leng":"Shape_Leng","height":"height","flg":"flg","name":"name"},"geometryType":"esriGeometryPolyline","spatialReference":{"wkid":4326,"latestWkid":4326},"fields":[{"name":"FID","type":"esriFieldTypeOID","alias":"FID"},{"name":"Shape_Leng","type":"esriFieldTypeDouble","alias":"Shape_Leng"},{"name":"height","type":"esriFieldTypeSingle","alias":"height"},{"name":"flg","type":"esriFieldTypeSingle","alias":"flg"},{"name":"name","type":"esriFieldTypeString","alias":"name","length":254}],"features":[{"attributes":{"FID":0,"Shape_Leng":0.00021429444122099999,"height":17.690000534057617,"flg":3.8599998950958252,"name":"4-2-1286"},"geometry":{"paths":[[[120.08338091300004,30.301296643000057],[120.08338091500002,30.301260035000041],[120.0833103870001,30.301260032000073],[120.08331064400011,30.301296920000084],[120.08338091300004,30.301296643000057]]]}}]}