{"displayFieldName":"","fieldAliases":{"FID":"FID","Shape_Leng":"Shape_Leng","height":"height","flg":"flg","name":"name"},"geometryType":"esriGeometryPolyline","spatialReference":{"wkid":4326,"latestWkid":4326},"fields":[{"name":"FID","type":"esriFieldTypeOID","alias":"FID"},{"name":"Shape_Leng","type":"esriFieldTypeDouble","alias":"Shape_Leng"},{"name":"height","type":"esriFieldTypeSingle","alias":"height"},{"name":"flg","type":"esriFieldTypeSingle","alias":"flg"},{"name":"name","type":"esriFieldTypeString","alias":"name","length":254}],"features":[{"attributes":{"FID":0,"Shape_Leng":0.000309070009804,"height":17.690000534057617,"flg":3.8599998950958252,"name":"4-2-1201"},"geometry":{"paths":[[[120.08351620400003,30.301750174000063],[120.08351620400003,30.301749992000055],[120.08351613500008,30.301697606000062],[120.083414027,30.30169814900006],[120.08341397200002,30.301750309000056],[120.08351620400003,30.301749992000055]]]}}]}