{"displayFieldName":"","fieldAliases":{"FID":"FID","Shape_Leng":"Shape_Leng","height":"height","flg":"flg","name":"name"},"geometryType":"esriGeometryPolyline","spatialReference":{"wkid":4326,"latestWkid":4326},"fields":[{"name":"FID","type":"esriFieldTypeOID","alias":"FID"},{"name":"Shape_Leng","type":"esriFieldTypeDouble","alias":"Shape_Leng"},{"name":"height","type":"esriFieldTypeSingle","alias":"height"},{"name":"flg","type":"esriFieldTypeSingle","alias":"flg"},{"name":"name","type":"esriFieldTypeString","alias":"name","length":254}],"features":[{"attributes":{"FID":0,"Shape_Leng":0.00039806349087800002,"height":17.690000534057617,"flg":3.8599998950958252,"name":"4-2-1210"},"geometry":{"paths":[[[120.08403695300001,30.301772218000053],[120.08414091000009,30.301772081000081],[120.08414103600001,30.301867334000065],[120.08403707800005,30.301867113000071],[120.08403695300001,30.301772218000053]]]}}]}