{"displayFieldName":"","fieldAliases":{"FID":"FID","Shape_Leng":"Shape_Leng","height":"height","flg":"flg","name":"name"},"geometryType":"esriGeometryPolyline","spatialReference":{"wkid":4326,"latestWkid":4326},"fields":[{"name":"FID","type":"esriFieldTypeOID","alias":"FID"},{"name":"Shape_Leng","type":"esriFieldTypeDouble","alias":"Shape_Leng"},{"name":"height","type":"esriFieldTypeSingle","alias":"height"},{"name":"flg","type":"esriFieldTypeSingle","alias":"flg"},{"name":"name","type":"esriFieldTypeString","alias":"name","length":254}],"features":[{"attributes":{"FID":0,"Shape_Leng":0.000311831270891,"height":17.690000534057617,"flg":3.8599998950958252,"name":"4-2-1212"},"geometry":{"paths":[[[120.08414089500002,30.301749348000044],[120.0842448520001,30.301749211000072],[120.08424478400002,30.301697253000043],[120.08414082600007,30.301697390000072],[120.08414089500002,30.301749348000044]]]}}]}