{"displayFieldName":"","fieldAliases":{"FID":"FID","Shape_Leng":"Shape_Leng","height":"height","flg":"flg","name":"name"},"geometryType":"esriGeometryPolyline","spatialReference":{"wkid":4326,"latestWkid":4326},"fields":[{"name":"FID","type":"esriFieldTypeOID","alias":"FID"},{"name":"Shape_Leng","type":"esriFieldTypeDouble","alias":"Shape_Leng"},{"name":"height","type":"esriFieldTypeSingle","alias":"height"},{"name":"flg","type":"esriFieldTypeSingle","alias":"flg"},{"name":"name","type":"esriFieldTypeString","alias":"name","length":254}],"features":[{"attributes":{"FID":0,"Shape_Leng":0.000238515889134,"height":17.690000534057617,"flg":3.8599998950958252,"name":"4-2-1284"},"geometry":{"paths":[[[120.08390551600007,30.301815101000045],[120.08390582300001,30.301792872000078],[120.08385849900003,30.30179260400007],[120.083856868,30.301817493000044],[120.08385796800007,30.301864883000064],[120.0839050510001,30.301864630000068],[120.08390551600007,30.301815101000045]]]}}]}