{"displayFieldName":"","fieldAliases":{"FID":"FID","Shape_Leng":"Shape_Leng","height":"height","flg":"flg","name":"name"},"geometryType":"esriGeometryPolyline","spatialReference":{"wkid":4326,"latestWkid":4326},"fields":[{"name":"FID","type":"esriFieldTypeOID","alias":"FID"},{"name":"Shape_Leng","type":"esriFieldTypeDouble","alias":"Shape_Leng"},{"name":"height","type":"esriFieldTypeSingle","alias":"height"},{"name":"flg","type":"esriFieldTypeSingle","alias":"flg"},{"name":"name","type":"esriFieldTypeString","alias":"name","length":254}],"features":[{"attributes":{"FID":0,"Shape_Leng":0.000312525231702,"height":17.690000534057617,"flg":3.8599998950958252,"name":"4-2-1203"},"geometry":{"paths":[[[120.08362009200005,30.301750036000044],[120.08372414400003,30.301749899000072],[120.08372407400009,30.301697807000039],[120.08362002300009,30.301697706000084],[120.08362009200005,30.301750036000044]]]}}]}