{"displayFieldName":"","fieldAliases":{"FID":"FID","Shape_Leng":"Shape_Leng","height":"height","flg":"flg","name":"name"},"geometryType":"esriGeometryPolyline","spatialReference":{"wkid":4326,"latestWkid":4326},"fields":[{"name":"FID","type":"esriFieldTypeOID","alias":"FID"},{"name":"Shape_Leng","type":"esriFieldTypeDouble","alias":"Shape_Leng"},{"name":"height","type":"esriFieldTypeSingle","alias":"height"},{"name":"flg","type":"esriFieldTypeSingle","alias":"flg"},{"name":"name","type":"esriFieldTypeString","alias":"name","length":254}],"features":[{"attributes":{"FID":0,"Shape_Leng":0.00024636399998200002,"height":17.690000534057617,"flg":3.8599998950958252,"name":"4-2-1230"},"geometry":{"paths":[[[120.08420744500006,30.301282750000041],[120.08427866900001,30.301282748000062],[120.08427867,30.301334706000034],[120.08420744600005,30.30133470800007],[120.08420744500006,30.301282750000041]]]}}]}