{"displayFieldName":"","fieldAliases":{"FID":"FID","Shape_Leng":"Shape_Leng","height":"height","flg":"flg","name":"name"},"geometryType":"esriGeometryPolyline","spatialReference":{"wkid":4326,"latestWkid":4326},"fields":[{"name":"FID","type":"esriFieldTypeOID","alias":"FID"},{"name":"Shape_Leng","type":"esriFieldTypeDouble","alias":"Shape_Leng"},{"name":"height","type":"esriFieldTypeSingle","alias":"height"},{"name":"flg","type":"esriFieldTypeSingle","alias":"flg"},{"name":"name","type":"esriFieldTypeString","alias":"name","length":254}],"features":[{"attributes":{"FID":0,"Shape_Leng":0.00030922412118299997,"height":17.690000534057617,"flg":3.8599998950958252,"name":"4-2-1209"},"geometry":{"paths":[[[120.083934097,30.301749621000056],[120.08403693800005,30.301749485000073],[120.0840368690001,30.301697528000091],[120.08393440200007,30.301697663000084],[120.0839341410001,30.301741409000044],[120.083934097,30.301749621000056]]]}}]}