{"displayFieldName":"","fieldAliases":{"FID":"FID","Shape_Leng":"Shape_Leng","height":"height","flg":"flg","name":"name"},"geometryType":"esriGeometryPolyline","spatialReference":{"wkid":4326,"latestWkid":4326},"fields":[{"name":"FID","type":"esriFieldTypeOID","alias":"FID"},{"name":"Shape_Leng","type":"esriFieldTypeDouble","alias":"Shape_Leng"},{"name":"height","type":"esriFieldTypeSingle","alias":"height"},{"name":"flg","type":"esriFieldTypeSingle","alias":"flg"},{"name":"name","type":"esriFieldTypeString","alias":"name","length":254}],"features":[{"attributes":{"FID":0,"Shape_Leng":0.000397199296395,"height":17.690000534057617,"flg":3.8599998950958252,"name":"4-2-1202"},"geometry":{"paths":[[[120.08341349200009,30.301773040000057],[120.083516218,30.301772906000053],[120.08351634300004,30.301867852000044],[120.08341154200002,30.301867746000084],[120.08341260500004,30.301816127000052],[120.08341349200009,30.301773040000057]]]}}]}