{"displayFieldName":"","fieldAliases":{"FID":"FID","Shape_Leng":"Shape_Leng","height":"height","flg":"flg","name":"name"},"geometryType":"esriGeometryPolyline","spatialReference":{"wkid":4326,"latestWkid":4326},"fields":[{"name":"FID","type":"esriFieldTypeOID","alias":"FID"},{"name":"Shape_Leng","type":"esriFieldTypeDouble","alias":"Shape_Leng"},{"name":"height","type":"esriFieldTypeSingle","alias":"height"},{"name":"flg","type":"esriFieldTypeSingle","alias":"flg"},{"name":"name","type":"esriFieldTypeString","alias":"name","length":254}],"features":[{"attributes":{"FID":0,"Shape_Leng":0.00021473751425800001,"height":17.690000534057617,"flg":3.8599998950958252,"name":"4-2-1207"},"geometry":{"paths":[[[120.08376975300007,30.301749839000081],[120.083824693,30.301749772000051],[120.08382488800009,30.301739529000088],[120.0838256830001,30.301697905000083],[120.0837697500001,30.301697851000085],[120.08376975300007,30.301749839000081]]]}}]}