{"displayFieldName":"","fieldAliases":{"FID":"FID","Shape_Leng":"Shape_Leng","height":"height","flg":"flg","name":"name"},"geometryType":"esriGeometryPolyline","spatialReference":{"wkid":4326,"latestWkid":4326},"fields":[{"name":"FID","type":"esriFieldTypeOID","alias":"FID"},{"name":"Shape_Leng","type":"esriFieldTypeDouble","alias":"Shape_Leng"},{"name":"height","type":"esriFieldTypeSingle","alias":"height"},{"name":"flg","type":"esriFieldTypeSingle","alias":"flg"},{"name":"name","type":"esriFieldTypeString","alias":"name","length":254}],"features":[{"attributes":{"FID":0,"Shape_Leng":0.000398761311045,"height":17.690000534057617,"flg":3.8599998950958252,"name":"4-2-1204"},"geometry":{"paths":[[[120.08362021800008,30.30186795700007],[120.08362009200005,30.301772769000081],[120.08372416300006,30.301772631000063],[120.08372416300006,30.301772657000072],[120.08372428900009,30.30186806200004],[120.08362021800008,30.30186795700007]]]}}]}