{"displayFieldName":"","fieldAliases":{"FID":"FID","Shape_Leng":"Shape_Leng","height":"height","flg":"flg","name":"name"},"geometryType":"esriGeometryPolyline","spatialReference":{"wkid":4326,"latestWkid":4326},"fields":[{"name":"FID","type":"esriFieldTypeOID","alias":"FID"},{"name":"Shape_Leng","type":"esriFieldTypeDouble","alias":"Shape_Leng"},{"name":"height","type":"esriFieldTypeSingle","alias":"height"},{"name":"flg","type":"esriFieldTypeSingle","alias":"flg"},{"name":"name","type":"esriFieldTypeString","alias":"name","length":254}],"features":[{"attributes":{"FID":0,"Shape_Leng":0.00031043633470999998,"height":17.690000534057617,"flg":3.8599998950958252,"name":"4-2-1213"},"geometry":{"paths":[[[120.0842448520001,30.301749211000072],[120.08434699700001,30.301749075000089],[120.08434730900001,30.301741421000088],[120.08434911400002,30.301697115000081],[120.08424478400002,30.301697253000043],[120.0842448520001,30.301749211000072]]]}}]}