{"displayFieldName":"","fieldAliases":{"FID":"FID","Shape_Leng":"Shape_Leng","height":"height","flg":"flg","name":"name"},"geometryType":"esriGeometryPolyline","spatialReference":{"wkid":4326,"latestWkid":4326},"fields":[{"name":"FID","type":"esriFieldTypeOID","alias":"FID"},{"name":"Shape_Leng","type":"esriFieldTypeDouble","alias":"Shape_Leng"},{"name":"height","type":"esriFieldTypeSingle","alias":"height"},{"name":"flg","type":"esriFieldTypeSingle","alias":"flg"},{"name":"name","type":"esriFieldTypeString","alias":"name","length":254}],"features":[{"attributes":{"FID":0,"Shape_Leng":0.00025064031959899999,"height":17.690000534057617,"flg":3.8599998950958252,"name":"4-2-1283"},"geometry":{"paths":[[[120.08442148800009,30.301240496000048],[120.0843741110001,30.301239537000072],[120.08437411700004,30.301216065000062],[120.08437509800001,30.301161299000057],[120.08442248600011,30.301162911000063],[120.08442148800009,30.301240496000048]]]}}]}