{"displayFieldName":"","fieldAliases":{"FID":"FID","Shape_Leng":"Shape_Leng","height":"height","flg":"flg","name":"name"},"geometryType":"esriGeometryPolyline","spatialReference":{"wkid":4326,"latestWkid":4326},"fields":[{"name":"FID","type":"esriFieldTypeOID","alias":"FID"},{"name":"Shape_Leng","type":"esriFieldTypeDouble","alias":"Shape_Leng"},{"name":"height","type":"esriFieldTypeSingle","alias":"height"},{"name":"flg","type":"esriFieldTypeSingle","alias":"flg"},{"name":"name","type":"esriFieldTypeString","alias":"name","length":254}],"features":[{"attributes":{"FID":0,"Shape_Leng":0.00031173654468000001,"height":17.690000534057617,"flg":3.8599998950958252,"name":"4-2-1242"},"geometry":{"paths":[[[120.08341257000006,30.301282768000078],[120.08343827900001,30.301282767000089],[120.08351591100006,30.301282765000053],[120.08351591200005,30.301335162000044],[120.08341263200009,30.301335486000085],[120.08341257000006,30.301282768000078]]]}}]}