{"displayFieldName":"","fieldAliases":{"FID":"FID","Shape_Leng":"Shape_Leng","height":"height","flg":"flg","name":"name"},"geometryType":"esriGeometryPolyline","spatialReference":{"wkid":4326,"latestWkid":4326},"fields":[{"name":"FID","type":"esriFieldTypeOID","alias":"FID"},{"name":"Shape_Leng","type":"esriFieldTypeDouble","alias":"Shape_Leng"},{"name":"height","type":"esriFieldTypeSingle","alias":"height"},{"name":"flg","type":"esriFieldTypeSingle","alias":"flg"},{"name":"name","type":"esriFieldTypeString","alias":"name","length":254}],"features":[{"attributes":{"FID":0,"Shape_Leng":0.00031220665512199998,"height":17.690000534057617,"flg":3.8599998950958252,"name":"4-2-1240"},"geometry":{"paths":[[[120.08361986800003,30.301282762000085],[120.08372382500011,30.301282760000049],[120.0837238260001,30.301334723000082],[120.08361987000001,30.301335092000045],[120.08361986800003,30.301282762000085]]]}}]}