{"displayFieldName":"","fieldAliases":{"FID":"FID","Shape_Leng":"Shape_Leng","height":"height","flg":"flg","name":"name"},"geometryType":"esriGeometryPolyline","spatialReference":{"wkid":4326,"latestWkid":4326},"fields":[{"name":"FID","type":"esriFieldTypeOID","alias":"FID"},{"name":"Shape_Leng","type":"esriFieldTypeDouble","alias":"Shape_Leng"},{"name":"height","type":"esriFieldTypeSingle","alias":"height"},{"name":"flg","type":"esriFieldTypeSingle","alias":"flg"},{"name":"name","type":"esriFieldTypeString","alias":"name","length":254}],"features":[{"attributes":{"FID":0,"Shape_Leng":0.000218712866925,"height":17.690000534057617,"flg":3.8599998950958252,"name":"4-2-1287"},"geometry":{"paths":[[[120.08338120200006,30.301735611000083],[120.08338118000006,30.301773084000047],[120.0833087630001,30.301773040000057],[120.08330974100011,30.30173569100009],[120.08338120200006,30.301735611000083]]]}}]}