{"displayFieldName":"","fieldAliases":{"FID":"FID","Shape_Leng":"Shape_Leng","height":"height","flg":"flg","name":"name"},"geometryType":"esriGeometryPolyline","spatialReference":{"wkid":4326,"latestWkid":4326},"fields":[{"name":"FID","type":"esriFieldTypeOID","alias":"FID"},{"name":"Shape_Leng","type":"esriFieldTypeDouble","alias":"Shape_Leng"},{"name":"height","type":"esriFieldTypeSingle","alias":"height"},{"name":"flg","type":"esriFieldTypeSingle","alias":"flg"},{"name":"name","type":"esriFieldTypeString","alias":"name","length":254}],"features":[{"attributes":{"FID":0,"Shape_Leng":0.00031581342395199999,"height":17.690000534057617,"flg":3.8599998950958252,"name":"4-2-1234"},"geometry":{"paths":[[[120.083930592,30.301282764000064],[120.08403663500007,30.301282753000066],[120.08403663500007,30.301334712000084],[120.08393068100008,30.30133462100008],[120.08393067700001,30.301292171000057],[120.083930592,30.301282764000064]]]}}]}