{"displayFieldName":"","fieldAliases":{"FID":"FID","Shape_Leng":"Shape_Leng","height":"height","flg":"flg","name":"name"},"geometryType":"esriGeometryPolyline","spatialReference":{"wkid":4326,"latestWkid":4326},"fields":[{"name":"FID","type":"esriFieldTypeOID","alias":"FID"},{"name":"Shape_Leng","type":"esriFieldTypeDouble","alias":"Shape_Leng"},{"name":"height","type":"esriFieldTypeSingle","alias":"height"},{"name":"flg","type":"esriFieldTypeSingle","alias":"flg"},{"name":"name","type":"esriFieldTypeString","alias":"name","length":50}],"features":[{"attributes":{"FID":0,"Shape_Leng":0.00039318794092600001,"height":21.520000457763672,"flg":3.8599998950958252,"name":"4-3-1339"},"geometry":{"paths":[[[120.08341291607337,30.301260034523125],[120.08351589744088,30.301260032724485],[120.08351589564222,30.301165695640517],[120.08341426685513,30.301165803559183],[120.08341355009543,30.301215805864899],[120.08341291607337,30.301260034523125]]]}}]}