{"displayFieldName":"","fieldAliases":{"FID":"FID","Shape_Leng":"Shape_Leng","height":"height","flg":"flg","name":"name"},"geometryType":"esriGeometryPolyline","spatialReference":{"wkid":4326,"latestWkid":4326},"fields":[{"name":"FID","type":"esriFieldTypeOID","alias":"FID"},{"name":"Shape_Leng","type":"esriFieldTypeDouble","alias":"Shape_Leng"},{"name":"height","type":"esriFieldTypeSingle","alias":"height"},{"name":"flg","type":"esriFieldTypeSingle","alias":"flg"},{"name":"name","type":"esriFieldTypeString","alias":"name","length":50}],"features":[{"attributes":{"FID":0,"Shape_Leng":0.00031173614216799999,"height":21.520000457763672,"flg":3.8599998950958252,"name":"4-3-1340"},"geometry":{"paths":[[[120.08341256983442,30.301282768485123],[120.08351591093073,30.301282764887844],[120.08351591183008,30.301335162088211],[120.08341263188765,30.301335485844163],[120.08341256983442,30.301282768485123]]]}}]}