{"displayFieldName":"","fieldAliases":{"FID":"FID","Shape_Leng":"Shape_Leng","height":"height","flg":"flg","name":"name"},"geometryType":"esriGeometryPolyline","spatialReference":{"wkid":4326,"latestWkid":4326},"fields":[{"name":"FID","type":"esriFieldTypeOID","alias":"FID"},{"name":"Shape_Leng","type":"esriFieldTypeDouble","alias":"Shape_Leng"},{"name":"height","type":"esriFieldTypeSingle","alias":"height"},{"name":"flg","type":"esriFieldTypeSingle","alias":"flg"},{"name":"name","type":"esriFieldTypeString","alias":"name","length":50}],"features":[{"attributes":{"FID":0,"Shape_Leng":0.00022952955322599999,"height":21.520000457763672,"flg":0,"name":"4-3-13810"},"geometry":{"paths":[[[120.08338249290784,30.301816099733401],[120.08338116640789,30.301865564244565],[120.08333694944088,30.301865134368597],[120.08333716168079,30.301815894687934],[120.08333832090693,30.301794052853438],[120.08338174557127,30.301794828968355],[120.08338249290784,30.301816099733401]]]}}]}