{"displayFieldName":"","fieldAliases":{"FID":"FID","Shape_Leng":"Shape_Leng","height":"height","flg":"flg","name":"name"},"geometryType":"esriGeometryPolyline","spatialReference":{"wkid":4326,"latestWkid":4326},"fields":[{"name":"FID","type":"esriFieldTypeOID","alias":"FID"},{"name":"Shape_Leng","type":"esriFieldTypeDouble","alias":"Shape_Leng"},{"name":"height","type":"esriFieldTypeSingle","alias":"height"},{"name":"flg","type":"esriFieldTypeSingle","alias":"flg"},{"name":"name","type":"esriFieldTypeString","alias":"name","length":50}],"features":[{"attributes":{"FID":0,"Shape_Leng":0.00039814103230900001,"height":21.520000457763672,"flg":0,"name":"4-3-1327"},"geometry":{"paths":[[[120.08424453445787,30.301260016536673],[120.08434814175348,30.301260013838714],[120.08434743668499,30.301215601718809],[120.08434966340644,30.301165181228271],[120.08424453265923,30.301165501386947],[120.08424453445787,30.301260016536673]]]}}]}