{"displayFieldName":"","fieldAliases":{"FID":"FID","Shape_Leng":"Shape_Leng","height":"height","flg":"flg","name":"name"},"geometryType":"esriGeometryPolyline","spatialReference":{"wkid":4326,"latestWkid":4326},"fields":[{"name":"FID","type":"esriFieldTypeOID","alias":"FID"},{"name":"Shape_Leng","type":"esriFieldTypeDouble","alias":"Shape_Leng"},{"name":"height","type":"esriFieldTypeSingle","alias":"height"},{"name":"flg","type":"esriFieldTypeSingle","alias":"flg"},{"name":"name","type":"esriFieldTypeString","alias":"name","length":50}],"features":[{"attributes":{"FID":0,"Shape_Leng":0.000210834596356,"height":21.520000457763672,"flg":3.8599998950958252,"name":"4-3-1334"},"geometry":{"paths":[[[120.0837701780514,30.301334899486168],[120.08377071764471,30.301282759491919],[120.08382444584163,30.301282757693283],[120.08382420212536,30.301291223910994],[120.08382277400199,30.30133509823634],[120.0837701780514,30.301334899486168]]]}}]}