{"displayFieldName":"","fieldAliases":{"FID":"FID","Shape_Leng":"Shape_Leng","height":"height","flg":"flg","name":"name"},"geometryType":"esriGeometryPolyline","spatialReference":{"wkid":4326,"latestWkid":4326},"fields":[{"name":"FID","type":"esriFieldTypeOID","alias":"FID"},{"name":"Shape_Leng","type":"esriFieldTypeDouble","alias":"Shape_Leng"},{"name":"height","type":"esriFieldTypeSingle","alias":"height"},{"name":"flg","type":"esriFieldTypeSingle","alias":"flg"},{"name":"name","type":"esriFieldTypeString","alias":"name","length":50}],"features":[{"attributes":{"FID":0,"Shape_Leng":0.00029582132787599999,"height":21.520000457763672,"flg":0,"name":"4-3-13815"},"geometry":{"paths":[[[120.08437411687214,30.301216064869664],[120.08434743668499,30.301215601718809],[120.08434814175348,30.301260013838714],[120.08434853835456,30.301282746002073],[120.08434864627316,30.301291780591384],[120.08442024759654,30.301290964906286],[120.08442148776157,30.301240495852369],[120.08437411147622,30.301239537175093],[120.08437411687214,30.301216064869664]]]}}]}