{"displayFieldName":"","fieldAliases":{"FID":"FID","Shape_Leng":"Shape_Leng","height":"height","flg":"flg","name":"name"},"geometryType":"esriGeometryPolyline","spatialReference":{"wkid":4326,"latestWkid":4326},"fields":[{"name":"FID","type":"esriFieldTypeOID","alias":"FID"},{"name":"Shape_Leng","type":"esriFieldTypeDouble","alias":"Shape_Leng"},{"name":"height","type":"esriFieldTypeSingle","alias":"height"},{"name":"flg","type":"esriFieldTypeSingle","alias":"flg"},{"name":"name","type":"esriFieldTypeString","alias":"name","length":50}],"features":[{"attributes":{"FID":0,"Shape_Leng":0.00023851539508600001,"height":21.520000457763672,"flg":0,"name":"4-3-13804"},"geometry":{"paths":[[[120.08390551612683,30.301815100586566],[120.08390582279571,30.301792872043563],[120.08385849867091,30.301792604045602],[120.08385686820009,30.301817492783243],[120.0838579680709,30.301864882558448],[120.08390505117734,30.301864629848978],[120.08390551612683,30.301815100586566]]]}}]}