{
    "displayFieldName": "",
    "fieldAliases": {
        "FID": "FID",
        "Shape_Leng": "Shape_Leng",
        "height": "height",
        "flg": "flg",
        "name": "name"
    },
    "geometryType": "esriGeometryPolyline",
    "spatialReference": {
        "wkid": 4326,
        "latestWkid": 4326
    },
    "fields": [
        {
            "name": "FID",
            "type": "esriFieldTypeOID",
            "alias": "FID"
        },
        {
            "name": "Shape_Leng",
            "type": "esriFieldTypeDouble",
            "alias": "Shape_Leng"
        },
        {
            "name": "height",
            "type": "esriFieldTypeSingle",
            "alias": "height"
        },
        {
            "name": "flg",
            "type": "esriFieldTypeSingle",
            "alias": "flg"
        },
        {
            "name": "name",
            "type": "esriFieldTypeString",
            "alias": "name",
            "length": 50
        }
    ],
    "features": [
        {
            "attributes": {
                "FID": 0,
                "Shape_Leng": 0.0010583189910600001,
                "height": 21.520000457763672,
                "flg": 0,
                "name": "4-3-13818"
            },
            "geometry": {
                "paths": [
                    [
                        [
                            120.08341291607337,
                            30.301260034523125
                        ],
                        [
                            120.08341256983442,
                            30.301282768485123
                        ],
                        [
                            120.08351591093071,
                            30.301282764887844
                        ],
                        [
                            120.08361986806267,
                            30.301282762189885
                        ],
                        [
                            120.08372382519451,
                            30.301282760391246
                        ],
                        [
                            120.08377071764471,
                            30.301282759491926
                        ],
                        [
                            120.08382444584163,
                            30.301282757693286
                        ],
                        [
                            120.08382509964883,
                            30.301260025529928
                        ],
                        [
                            120.0837238108054,
                            30.301260028227887
                        ],
                        [
                            120.08361985457282,
                            30.301260030026526
                        ],
                        [
                            120.0836198518748,
                            30.301165585023909
                        ],
                        [
                            120.08351589564222,
                            30.30116569564052
                        ],
                        [
                            120.08351589744086,
                            30.301260032724485
                        ],
                        [
                            120.08341291607337,
                            30.301260034523125
                        ]
                    ]
                ]
            }
        }
    ]
}