{"displayFieldName":"","fieldAliases":{"FID":"FID","Shape_Leng":"Shape_Leng","height":"height","flg":"flg","name":"name"},"geometryType":"esriGeometryPolyline","spatialReference":{"wkid":4326,"latestWkid":4326},"fields":[{"name":"FID","type":"esriFieldTypeOID","alias":"FID"},{"name":"Shape_Leng","type":"esriFieldTypeDouble","alias":"Shape_Leng"},{"name":"height","type":"esriFieldTypeSingle","alias":"height"},{"name":"flg","type":"esriFieldTypeSingle","alias":"flg"},{"name":"name","type":"esriFieldTypeString","alias":"name","length":50}],"features":[{"attributes":{"FID":0,"Shape_Leng":0.00031252633390700001,"height":21.520000457763672,"flg":0,"name":"4-3-1305"},"geometry":{"paths":[[[120.08362009199379,30.30175003643518],[120.0837241435546,30.301749898838921],[120.08372407430682,30.301697806508741],[120.083620022746,30.301697705784647],[120.08362009199379,30.30175003643518]]]}}]}