{"displayFieldName":"","fieldAliases":{"FID":"FID","Shape_Leng":"Shape_Leng","height":"height","flg":"flg","name":"name"},"geometryType":"esriGeometryPolyline","spatialReference":{"wkid":4326,"latestWkid":4326},"fields":[{"name":"FID","type":"esriFieldTypeOID","alias":"FID"},{"name":"Shape_Leng","type":"esriFieldTypeDouble","alias":"Shape_Leng"},{"name":"height","type":"esriFieldTypeSingle","alias":"height"},{"name":"flg","type":"esriFieldTypeSingle","alias":"flg"},{"name":"name","type":"esriFieldTypeString","alias":"name","length":50}],"features":[{"attributes":{"FID":0,"Shape_Leng":0.00039876240284599998,"height":21.520000457763672,"flg":0,"name":"4-3-1304"},"geometry":{"paths":[[[120.0836202178989,30.301867957340505],[120.0836201549464,30.30182036341921],[120.08362009199379,30.301772768598539],[120.08372416333964,30.301772631002279],[120.08372416333964,30.301772657082608],[120.08372428924474,30.301868061661878],[120.0836202178989,30.301867957340505]]]}}]}