{"displayFieldName":"","fieldAliases":{"FID":"FID","Shape_Leng":"Shape_Leng","height":"height","flg":"flg","name":"name"},"geometryType":"esriGeometryPolyline","spatialReference":{"wkid":4326,"latestWkid":4326},"fields":[{"name":"FID","type":"esriFieldTypeOID","alias":"FID"},{"name":"Shape_Leng","type":"esriFieldTypeDouble","alias":"Shape_Leng"},{"name":"height","type":"esriFieldTypeSingle","alias":"height"},{"name":"flg","type":"esriFieldTypeSingle","alias":"flg"},{"name":"name","type":"esriFieldTypeString","alias":"name","length":50}],"features":[{"attributes":{"FID":0,"Shape_Leng":0.00031183029783100002,"height":21.520000457763672,"flg":0,"name":"4-3-1311"},"geometry":{"paths":[[[120.08403693765467,30.301749485150765],[120.08414089478663,30.301749348453825],[120.08414082643822,30.301697390122627],[120.08403686930626,30.301697527718886],[120.08403693765467,30.301749485150765]]]}}]}