{"displayFieldName":"","fieldAliases":{"FID":"FID","Shape_Leng":"Shape_Leng","height":"height","flg":"flg","name":"name"},"geometryType":"esriGeometryPolyline","spatialReference":{"wkid":4326,"latestWkid":4326},"fields":[{"name":"FID","type":"esriFieldTypeOID","alias":"FID"},{"name":"Shape_Leng","type":"esriFieldTypeDouble","alias":"Shape_Leng"},{"name":"height","type":"esriFieldTypeSingle","alias":"height"},{"name":"flg","type":"esriFieldTypeSingle","alias":"flg"},{"name":"name","type":"esriFieldTypeString","alias":"name","length":50}],"features":[{"attributes":{"FID":0,"Shape_Leng":0.00039806381201499999,"height":21.520000457763672,"flg":0,"name":"4-3-1312"},"geometry":{"paths":[[[120.08403695294317,30.301772218213443],[120.08414091007512,30.301772080617184],[120.08414097302762,30.301819706914102],[120.08414103598022,30.301867334110341],[120.08403707794901,30.301867112877119],[120.08403695294317,30.301772218213443]]]}}]}