{"displayFieldName":"","fieldAliases":{"FID":"FID","Shape_Leng":"Shape_Leng","height":"height","flg":"flg","name":"name"},"geometryType":"esriGeometryPolyline","spatialReference":{"wkid":4326,"latestWkid":4326},"fields":[{"name":"FID","type":"esriFieldTypeOID","alias":"FID"},{"name":"Shape_Leng","type":"esriFieldTypeDouble","alias":"Shape_Leng"},{"name":"height","type":"esriFieldTypeSingle","alias":"height"},{"name":"flg","type":"esriFieldTypeSingle","alias":"flg"},{"name":"name","type":"esriFieldTypeString","alias":"name","length":50}],"features":[{"attributes":{"FID":0,"Shape_Leng":0.000396526041569,"height":21.520000457763672,"flg":0,"name":"4-3-1314"},"geometry":{"paths":[[[120.08424499401144,30.301867554444243],[120.08424486720708,30.301771943020924],[120.0843470976406,30.301771807223304],[120.08434771007899,30.301867772979506],[120.08424499401144,30.301867554444243]]]}}]}