{"displayFieldName":"","fieldAliases":{"FID":"FID","Shape_Leng":"Shape_Leng","height":"height","flg":"flg","name":"name"},"geometryType":"esriGeometryPolyline","spatialReference":{"wkid":4326,"latestWkid":4326},"fields":[{"name":"FID","type":"esriFieldTypeOID","alias":"FID"},{"name":"Shape_Leng","type":"esriFieldTypeDouble","alias":"Shape_Leng"},{"name":"height","type":"esriFieldTypeSingle","alias":"height"},{"name":"flg","type":"esriFieldTypeSingle","alias":"flg"},{"name":"name","type":"esriFieldTypeString","alias":"name","length":50}],"features":[{"attributes":{"FID":0,"Shape_Leng":0.00021473884286799999,"height":21.520000457763672,"flg":0,"name":"4-3-1308"},"geometry":{"paths":[[[120.08376975267208,30.301749838584328],[120.08382469315529,30.301749772034498],[120.08382488830807,30.3017395287564],[120.08382568330876,30.301697904534819],[120.08376974997418,30.301697850575522],[120.08376975267208,30.301749838584328]]]}}]}