{"displayFieldName":"","fieldAliases":{"FID":"FID","Shape_Leng":"Shape_Leng","height":"height","flg":"flg","name":"name"},"geometryType":"esriGeometryPolyline","spatialReference":{"wkid":4326,"latestWkid":4326},"fields":[{"name":"FID","type":"esriFieldTypeOID","alias":"FID"},{"name":"Shape_Leng","type":"esriFieldTypeDouble","alias":"Shape_Leng"},{"name":"height","type":"esriFieldTypeSingle","alias":"height"},{"name":"flg","type":"esriFieldTypeSingle","alias":"flg"},{"name":"name","type":"esriFieldTypeString","alias":"name","length":50}],"features":[{"attributes":{"FID":0,"Shape_Leng":0.00019735035694599999,"height":21.520000457763672,"flg":0,"name":"4-3-1335"},"geometry":{"paths":[[[120.08372382519451,30.301282760391246],[120.08377071764471,30.301282759491926],[120.0837701780514,30.301334899486164],[120.08372382609389,30.301334723219043],[120.08372382519451,30.301282760391246]]]}}]}