{"displayFieldName":"","fieldAliases":{"FID":"FID","Shape_Leng":"Shape_Leng","height":"height","flg":"flg","name":"name"},"geometryType":"esriGeometryPolyline","spatialReference":{"wkid":4326,"latestWkid":4326},"fields":[{"name":"FID","type":"esriFieldTypeOID","alias":"FID"},{"name":"Shape_Leng","type":"esriFieldTypeDouble","alias":"Shape_Leng"},{"name":"height","type":"esriFieldTypeSingle","alias":"height"},{"name":"flg","type":"esriFieldTypeSingle","alias":"flg"},{"name":"name","type":"esriFieldTypeString","alias":"name","length":50}],"features":[{"attributes":{"FID":0,"Shape_Leng":0.00030907021858999999,"height":21.520000457763672,"flg":0,"name":"4-3-1301"},"geometry":{"paths":[[[120.08351620410974,30.301750174031497],[120.08351620410974,30.3017499923684],[120.08351613486195,30.30169760595993],[120.08341402673614,30.301698149150411],[120.08341397187746,30.301750308929797],[120.08351620410974,30.3017499923684]]]}}]}