{"displayFieldName":"","fieldAliases":{"FID":"FID","Shape_Leng":"Shape_Leng","height":"height","flg":"flg","name":"name"},"geometryType":"esriGeometryPolyline","spatialReference":{"wkid":4326,"latestWkid":4326},"fields":[{"name":"FID","type":"esriFieldTypeOID","alias":"FID"},{"name":"Shape_Leng","type":"esriFieldTypeDouble","alias":"Shape_Leng"},{"name":"height","type":"esriFieldTypeSingle","alias":"height"},{"name":"flg","type":"esriFieldTypeSingle","alias":"flg"},{"name":"name","type":"esriFieldTypeString","alias":"name","length":50}],"features":[{"attributes":{"FID":0,"Shape_Leng":0.00025063943041699998,"height":21.520000457763672,"flg":0,"name":"4-3-13803"},"geometry":{"paths":[[[120.08442148776157,30.301240495852369],[120.08437411147622,30.301239537175093],[120.08437411687214,30.301216064869664],[120.08437509803252,30.30116129885505],[120.08442248600909,30.301162911339475],[120.08442148776157,30.301240495852369]]]}}]}