{"displayFieldName":"","fieldAliases":{"FID":"FID","Shape_Leng":"Shape_Leng","height":"height","flg":"flg","name":"name"},"geometryType":"esriGeometryPolyline","spatialReference":{"wkid":4326,"latestWkid":4326},"fields":[{"name":"FID","type":"esriFieldTypeOID","alias":"FID"},{"name":"Shape_Leng","type":"esriFieldTypeDouble","alias":"Shape_Leng"},{"name":"height","type":"esriFieldTypeSingle","alias":"height"},{"name":"flg","type":"esriFieldTypeSingle","alias":"flg"},{"name":"name","type":"esriFieldTypeString","alias":"name","length":50}],"features":[{"attributes":{"FID":0,"Shape_Leng":0.000214293698498,"height":21.520000457763672,"flg":0,"name":"4-3-13806"},"geometry":{"paths":[[[120.08338091279904,30.301296643225669],[120.08338091459768,30.301260035422445],[120.0833103870649,30.301260031825166],[120.08331064427102,30.301296920216885],[120.08338091279904,30.301296643225669]]]}}]}