{"displayFieldName":"","fieldAliases":{"FID":"FID","Shape_Leng":"Shape_Leng","height":"height","flg":"flg","name":"name"},"geometryType":"esriGeometryPolyline","spatialReference":{"wkid":4326,"latestWkid":4326},"fields":[{"name":"FID","type":"esriFieldTypeOID","alias":"FID"},{"name":"Shape_Leng","type":"esriFieldTypeDouble","alias":"Shape_Leng"},{"name":"height","type":"esriFieldTypeSingle","alias":"height"},{"name":"flg","type":"esriFieldTypeSingle","alias":"flg"},{"name":"name","type":"esriFieldTypeString","alias":"name","length":50}],"features":[{"attributes":{"FID":0,"Shape_Leng":0.00039641723390399999,"height":21.520000457763672,"flg":0,"name":"4-3-1310"},"geometry":{"paths":[[[120.0839339949581,30.301772354011121],[120.08403695294317,30.301772218213443],[120.08403707794901,30.301867112877119],[120.08393305606592,30.301866891643897],[120.08393357497471,30.301814624845235],[120.0839339949581,30.301772354011121]]]}}]}