{"displayFieldName":"","fieldAliases":{"FID":"FID","Shape_Leng":"Shape_Leng","height":"height","flg":"flg","name":"name"},"geometryType":"esriGeometryPolyline","spatialReference":{"wkid":4326,"latestWkid":4326},"fields":[{"name":"FID","type":"esriFieldTypeOID","alias":"FID"},{"name":"Shape_Leng","type":"esriFieldTypeDouble","alias":"Shape_Leng"},{"name":"height","type":"esriFieldTypeSingle","alias":"height"},{"name":"flg","type":"esriFieldTypeSingle","alias":"flg"},{"name":"name","type":"esriFieldTypeString","alias":"name","length":50}],"features":[{"attributes":{"FID":0,"Shape_Leng":0.000312206597392,"height":21.520000457763672,"flg":3.8599998950958252,"name":"4-3-1336"},"geometry":{"paths":[[[120.08361986806267,30.301282762189881],[120.0837238251945,30.301282760391246],[120.08372382609389,30.301334723219046],[120.08361986986132,30.301335091941098],[120.08361986806267,30.301282762189881]]]}}]}