{"displayFieldName":"","fieldAliases":{"FID":"FID","Shape_Leng":"Shape_Leng","height":"height","flg":"flg","name":"name"},"geometryType":"esriGeometryPolyline","spatialReference":{"wkid":4326,"latestWkid":4326},"fields":[{"name":"FID","type":"esriFieldTypeOID","alias":"FID"},{"name":"Shape_Leng","type":"esriFieldTypeDouble","alias":"Shape_Leng"},{"name":"height","type":"esriFieldTypeSingle","alias":"height"},{"name":"flg","type":"esriFieldTypeSingle","alias":"flg"},{"name":"name","type":"esriFieldTypeString","alias":"name","length":50}],"features":[{"attributes":{"FID":0,"Shape_Leng":0.00039896493421599999,"height":21.520000457763672,"flg":3.8599998950958252,"name":"4-3-1331"},"geometry":{"paths":[[[120.08393038418002,30.301259898725501],[120.08403661929469,30.301260021033332],[120.08403661929469,30.301259958980101],[120.08403661749605,30.301166135409009],[120.08393123583801,30.301166455567625],[120.08392996689463,30.301214016214026],[120.08393038418002,30.301259898725501]]]}}]}