{"displayFieldName":"","fieldAliases":{"FID":"FID","Shape_Leng":"Shape_Leng","height":"height","flg":"flg","name":"name"},"geometryType":"esriGeometryPolyline","spatialReference":{"wkid":4326,"latestWkid":4326},"fields":[{"name":"FID","type":"esriFieldTypeOID","alias":"FID"},{"name":"Shape_Leng","type":"esriFieldTypeDouble","alias":"Shape_Leng"},{"name":"height","type":"esriFieldTypeSingle","alias":"height"},{"name":"flg","type":"esriFieldTypeSingle","alias":"flg"},{"name":"name","type":"esriFieldTypeString","alias":"name","length":50}],"features":[{"attributes":{"FID":0,"Shape_Leng":0.00024878555778200002,"height":21.520000457763672,"flg":0,"name":"4-3-1330"},"geometry":{"paths":[[[120.08399723708305,30.301282759491926],[120.08399696818572,30.301334677353623],[120.08406955696466,30.301334710628566],[120.08406955696466,30.301282752297368],[120.08399723708305,30.301282759491926]]]}}]}