{"displayFieldName":"","fieldAliases":{"FID":"FID","Shape_Leng":"Shape_Leng","height":"height","flg":"flg","name":"name"},"geometryType":"esriGeometryPolyline","spatialReference":{"wkid":4326,"latestWkid":4326},"fields":[{"name":"FID","type":"esriFieldTypeOID","alias":"FID"},{"name":"Shape_Leng","type":"esriFieldTypeDouble","alias":"Shape_Leng"},{"name":"height","type":"esriFieldTypeSingle","alias":"height"},{"name":"flg","type":"esriFieldTypeSingle","alias":"flg"},{"name":"name","type":"esriFieldTypeString","alias":"name","length":50}],"features":[{"attributes":{"FID":0,"Shape_Leng":0.000236708067328,"height":21.520000457763672,"flg":3.8599998950958252,"name":"4-3-1332"},"geometry":{"paths":[[[120.08393059192349,30.301282763988524],[120.08399723708307,30.301282759491926],[120.08399696818572,30.301334677353619],[120.08393068095633,30.301334620696363],[120.08393067735905,30.30129217089711],[120.08393059192349,30.301282763988524]]]}}]}