{"displayFieldName":"","fieldAliases":{"FID":"FID","Shape_Leng":"Shape_Leng","height":"height","flg":"flg","name":"name"},"geometryType":"esriGeometryPolyline","spatialReference":{"wkid":4326,"latestWkid":4326},"fields":[{"name":"FID","type":"esriFieldTypeOID","alias":"FID"},{"name":"Shape_Leng","type":"esriFieldTypeDouble","alias":"Shape_Leng"},{"name":"height","type":"esriFieldTypeSingle","alias":"height"},{"name":"flg","type":"esriFieldTypeSingle","alias":"flg"},{"name":"name","type":"esriFieldTypeString","alias":"name","length":50}],"features":[{"attributes":{"FID":0,"Shape_Leng":0.00031043714415600001,"height":21.520000457763672,"flg":0,"name":"4-3-1313"},"geometry":{"paths":[[[120.08424485191858,30.301749210857565],[120.08434699691657,30.301749075059945],[120.08434911392067,30.30169711493005],[120.08424478357006,30.301697252526367],[120.08424485191858,30.301749210857565]]]}}]}