{"displayFieldName":"","fieldAliases":{"FID":"FID","Shape_Leng":"Shape_Leng","height":"height","flg":"flg","name":"name"},"geometryType":"esriGeometryPolyline","spatialReference":{"wkid":4326,"latestWkid":4326},"fields":[{"name":"FID","type":"esriFieldTypeOID","alias":"FID"},{"name":"Shape_Leng","type":"esriFieldTypeDouble","alias":"Shape_Leng"},{"name":"height","type":"esriFieldTypeSingle","alias":"height"},{"name":"flg","type":"esriFieldTypeSingle","alias":"flg"},{"name":"name","type":"esriFieldTypeString","alias":"name","length":50}],"features":[{"attributes":{"FID":0,"Shape_Leng":0.00023957162466,"height":21.520000457763672,"flg":0,"name":"4-3-13808"},"geometry":{"paths":[[[120.08338494895645,30.301240927526976],[120.08338513961269,30.301215410163195],[120.08338551732788,30.301164788224582],[120.08334184984665,30.301164463569307],[120.08334141817204,30.30121472218184],[120.08334096581314,30.301240230552366],[120.08335889199941,30.30124051473814],[120.08337116774533,30.301240708991713],[120.08338494895645,30.301240927526976]]]}}]}