{"displayFieldName":"","fieldAliases":{"FID":"FID","Shape_Leng":"Shape_Leng","height":"height","flg":"flg","name":"name"},"geometryType":"esriGeometryPolyline","spatialReference":{"wkid":4326,"latestWkid":4326},"fields":[{"name":"FID","type":"esriFieldTypeOID","alias":"FID"},{"name":"Shape_Leng","type":"esriFieldTypeDouble","alias":"Shape_Leng"},{"name":"height","type":"esriFieldTypeSingle","alias":"height"},{"name":"flg","type":"esriFieldTypeSingle","alias":"flg"},{"name":"name","type":"esriFieldTypeString","alias":"name","length":50}],"features":[{"attributes":{"FID":0,"Shape_Leng":0.00023360023474900001,"height":21.520000457763672,"flg":0,"name":"4-3-13802"},"geometry":{"paths":[[[120.0839043209279,30.301213653787272],[120.08390454665766,30.301235540587868],[120.08385852565061,30.30123521413401],[120.083859635414,30.301218219645307],[120.08386094392756,30.301163182035395],[120.08390420941191,30.301163313336417],[120.0839043209279,30.301213653787272]]]}}]}