{"displayFieldName":"","fieldAliases":{"FID":"FID","Shape_Leng":"Shape_Leng","height":"height","flg":"flg","name":"name"},"geometryType":"esriGeometryPolyline","spatialReference":{"wkid":4326,"latestWkid":4326},"fields":[{"name":"FID","type":"esriFieldTypeOID","alias":"FID"},{"name":"Shape_Leng","type":"esriFieldTypeDouble","alias":"Shape_Leng"},{"name":"height","type":"esriFieldTypeSingle","alias":"height"},{"name":"flg","type":"esriFieldTypeSingle","alias":"flg"},{"name":"name","type":"esriFieldTypeString","alias":"name","length":50}],"features":[{"attributes":{"FID":0,"Shape_Leng":0.00024598796196899998,"height":21.520000457763672,"flg":3.8599998950958252,"name":"4-3-1328"},"geometry":{"paths":[[[120.08406955696465,30.301282752297364],[120.08414059171514,30.301282750498729],[120.0841405926144,30.30133470972925],[120.08406955696465,30.301334710628563],[120.08406955696465,30.301282752297364]]]}}]}