{"displayFieldName":"","fieldAliases":{"FID":"FID","Shape_Leng":"Shape_Leng","height":"height","flg":"flg","name":"name"},"geometryType":"esriGeometryPolyline","spatialReference":{"wkid":4326,"latestWkid":4326},"fields":[{"name":"FID","type":"esriFieldTypeOID","alias":"FID"},{"name":"Shape_Leng","type":"esriFieldTypeDouble","alias":"Shape_Leng"},{"name":"height","type":"esriFieldTypeSingle","alias":"height"},{"name":"flg","type":"esriFieldTypeSingle","alias":"flg"},{"name":"name","type":"esriFieldTypeString","alias":"name","length":50}],"features":[{"attributes":{"FID":0,"Shape_Leng":0.00021871271290500001,"height":21.520000457763672,"flg":0,"name":"4-3-13807"},"geometry":{"paths":[[[120.08338120238079,30.301735611309596],[120.08338117989774,30.301773084260617],[120.08330876288926,30.301773040193837],[120.08330974135163,30.301735691349222],[120.08338120238079,30.301735611309596]]]}}]}