{"displayFieldName":"","fieldAliases":{"FID":"FID","Shape_Leng":"Shape_Leng","height":"height","flg":"flg","name":"name"},"geometryType":"esriGeometryPolyline","spatialReference":{"wkid":4326,"latestWkid":4326},"fields":[{"name":"FID","type":"esriFieldTypeOID","alias":"FID"},{"name":"Shape_Leng","type":"esriFieldTypeDouble","alias":"Shape_Leng"},{"name":"height","type":"esriFieldTypeSingle","alias":"height"},{"name":"flg","type":"esriFieldTypeSingle","alias":"flg"},{"name":"name","type":"esriFieldTypeString","alias":"name","length":50}],"features":[{"attributes":{"FID":0,"Shape_Leng":0.00039691224666100003,"height":21.520000457763672,"flg":3.8599998950958252,"name":"4-3-1337"},"geometry":{"paths":[[[120.08361985457283,30.301260030026526],[120.0837238108054,30.301260028227887],[120.08372380900676,30.301165474407298],[120.0836198518748,30.301165585023913],[120.08361985457283,30.301260030026526]]]}}]}