{"displayFieldName":"","fieldAliases":{"FID":"FID","Shape_Leng":"Shape_Leng","height":"height","flg":"flg","name":"name"},"geometryType":"esriGeometryPolyline","spatialReference":{"wkid":4326,"latestWkid":4326},"fields":[{"name":"FID","type":"esriFieldTypeOID","alias":"FID"},{"name":"Shape_Leng","type":"esriFieldTypeDouble","alias":"Shape_Leng"},{"name":"height","type":"esriFieldTypeSingle","alias":"height"},{"name":"flg","type":"esriFieldTypeSingle","alias":"flg"},{"name":"name","type":"esriFieldTypeString","alias":"name","length":50}],"features":[{"attributes":{"FID":0,"Shape_Leng":0.00039599986075900001,"height":21.520000457763672,"flg":0,"name":"4-3-1329"},"geometry":{"paths":[[[120.08403661929469,30.301260021033329],[120.08414057642665,30.30126001833537],[120.08414057372863,30.301165817948288],[120.08403661749605,30.301166135409005],[120.08403661929469,30.301259958980097],[120.08403661929469,30.301260021033329]]]}}]}