{"displayFieldName":"","fieldAliases":{"FID":"FID","Shape_Leng":"Shape_Leng","height":"height","flg":"flg","name":"name"},"geometryType":"esriGeometryPolyline","spatialReference":{"wkid":4326,"latestWkid":4326},"fields":[{"name":"FID","type":"esriFieldTypeOID","alias":"FID"},{"name":"Shape_Leng","type":"esriFieldTypeDouble","alias":"Shape_Leng"},{"name":"height","type":"esriFieldTypeSingle","alias":"height"},{"name":"flg","type":"esriFieldTypeSingle","alias":"flg"},{"name":"name","type":"esriFieldTypeString","alias":"name","length":50}],"features":[{"attributes":{"FID":0,"Shape_Leng":0.000244278459034,"height":21.520000457763672,"flg":3.8599998950958252,"name":"4-3-1326"},"geometry":{"paths":[[[120.0842786691254,30.301282747800709],[120.08434853835455,30.301282746002073],[120.08434915888678,30.301334704333332],[120.08427867002479,30.301334706131968],[120.0842786691254,30.301282747800709]]]}}]}