{"displayFieldName":"","fieldAliases":{"FID":"FID","Shape_Leng":"Shape_Leng","height":"height","flg":"flg","name":"name"},"geometryType":"esriGeometryPolyline","spatialReference":{"wkid":4326,"latestWkid":4326},"fields":[{"name":"FID","type":"esriFieldTypeOID","alias":"FID"},{"name":"Shape_Leng","type":"esriFieldTypeDouble","alias":"Shape_Leng"},{"name":"height","type":"esriFieldTypeSingle","alias":"height"},{"name":"flg","type":"esriFieldTypeSingle","alias":"flg"},{"name":"name","type":"esriFieldTypeString","alias":"name","length":50}],"features":[{"attributes":{"FID":0,"Shape_Leng":0.00039109234643600001,"height":21.520000457763672,"flg":0,"name":"4-3-1306"},"geometry":{"paths":[[[120.08372416333964,30.301772631002279],[120.08382444853964,30.301772532076882],[120.08382387657082,30.301817110571335],[120.08382321197178,30.301868973574415],[120.08372428924474,30.301868061661878],[120.08372416333964,30.301772657082608],[120.08372416333964,30.301772631002279]]]}}]}