{"displayFieldName":"","fieldAliases":{"FID":"FID","Shape_Leng":"Shape_Leng","height":"height","flg":"flg","name":"name"},"geometryType":"esriGeometryPolyline","spatialReference":{"wkid":4326,"latestWkid":4326},"fields":[{"name":"FID","type":"esriFieldTypeOID","alias":"FID"},{"name":"Shape_Leng","type":"esriFieldTypeDouble","alias":"Shape_Leng"},{"name":"height","type":"esriFieldTypeSingle","alias":"height"},{"name":"flg","type":"esriFieldTypeSingle","alias":"flg"},{"name":"name","type":"esriFieldTypeString","alias":"name","length":254}],"features":[{"attributes":{"FID":0,"Shape_Leng":0.00092710296848499995,"height":25.379999160766602,"flg":3.8599998950958252,"name":"4-4-1488"},"geometry":{"paths":[[[120.08341263200009,30.301335486000085],[120.08341257000006,30.301282768000078],[120.08382444600011,30.30128275800007],[120.08382420200007,30.301291224000067],[120.08382277400005,30.301335098000038],[120.08341263200009,30.301335486000085]]]}}]}