{"displayFieldName":"","fieldAliases":{"FID":"FID","Shape_Leng":"Shape_Leng","height":"height","flg":"flg","name":"name"},"geometryType":"esriGeometryPolyline","spatialReference":{"wkid":4326,"latestWkid":4326},"fields":[{"name":"FID","type":"esriFieldTypeOID","alias":"FID"},{"name":"Shape_Leng","type":"esriFieldTypeDouble","alias":"Shape_Leng"},{"name":"height","type":"esriFieldTypeSingle","alias":"height"},{"name":"flg","type":"esriFieldTypeSingle","alias":"flg"},{"name":"name","type":"esriFieldTypeString","alias":"name","length":254}],"features":[{"attributes":{"FID":0,"Shape_Leng":0.000209762423983,"height":25.379999160766602,"flg":3.8599998950958252,"name":"4-4-1434"},"geometry":{"paths":[[[120.08398365800008,30.301334667000049],[120.08393068100008,30.30133462100008],[120.08393067700001,30.301292170000067],[120.083930592,30.301282764000064],[120.0839836130001,30.301282760000049],[120.08398365800008,30.301334667000049]]]}}]}