{"displayFieldName":"","fieldAliases":{"FID":"FID","Shape_Leng":"Shape_Leng","height":"height","flg":"flg","name":"name"},"geometryType":"esriGeometryPolyline","spatialReference":{"wkid":4326,"latestWkid":4326},"fields":[{"name":"FID","type":"esriFieldTypeOID","alias":"FID"},{"name":"Shape_Leng","type":"esriFieldTypeDouble","alias":"Shape_Leng"},{"name":"height","type":"esriFieldTypeSingle","alias":"height"},{"name":"flg","type":"esriFieldTypeSingle","alias":"flg"},{"name":"name","type":"esriFieldTypeString","alias":"name","length":254}],"features":[{"attributes":{"FID":0,"Shape_Leng":0.000392873910452,"height":25.379999160766602,"flg":3.8599998950958252,"name":"4-4-1435"},"geometry":{"paths":[[[120.08372381100003,30.301260028000058],[120.08382510000001,30.30126002600008],[120.08382632400003,30.30121747700008],[120.08382616200004,30.301165366000077],[120.08372380900005,30.301165474000072],[120.08372381100003,30.301260028000058]]]}}]}