{"displayFieldName":"","fieldAliases":{"FID":"FID","Shape_Leng":"Shape_Leng","height":"height","flg":"flg","name":"name"},"geometryType":"esriGeometryPolyline","spatialReference":{"wkid":4326,"latestWkid":4326},"fields":[{"name":"FID","type":"esriFieldTypeOID","alias":"FID"},{"name":"Shape_Leng","type":"esriFieldTypeDouble","alias":"Shape_Leng"},{"name":"height","type":"esriFieldTypeSingle","alias":"height"},{"name":"flg","type":"esriFieldTypeSingle","alias":"flg"},{"name":"name","type":"esriFieldTypeString","alias":"name","length":254}],"features":[{"attributes":{"FID":0,"Shape_Leng":0.00086953703904699999,"height":25.379999160766602,"flg":0.20000000298023224,"name":"4-4-1484"},"geometry":{"paths":[[[120.08382510000001,30.30126002600008],[120.08382444600011,30.30128275800007],[120.08341257000006,30.301282768000078],[120.08341291600004,30.301260035000041],[120.0835158970001,30.301260033000062],[120.08361985500005,30.301260030000037],[120.08372381100003,30.301260028000058],[120.08382510000001,30.30126002600008]]]}}]}