{"displayFieldName":"","fieldAliases":{"FID":"FID","Shape_Leng":"Shape_Leng","height":"height","flg":"flg","name":"name"},"geometryType":"esriGeometryPolyline","spatialReference":{"wkid":4326,"latestWkid":4326},"fields":[{"name":"FID","type":"esriFieldTypeOID","alias":"FID"},{"name":"Shape_Leng","type":"esriFieldTypeDouble","alias":"Shape_Leng"},{"name":"height","type":"esriFieldTypeSingle","alias":"height"},{"name":"flg","type":"esriFieldTypeSingle","alias":"flg"},{"name":"name","type":"esriFieldTypeString","alias":"name","length":254}],"features":[{"attributes":{"FID":0,"Shape_Leng":0.00039669605929600001,"height":25.379999160766602,"flg":3.8599998950958252,"name":"4-4-1437"},"geometry":{"paths":[[[120.08351589600011,30.301165696000055],[120.0835158970001,30.301260033000062],[120.08361985500005,30.301260030000037],[120.08361985200008,30.301165585000035],[120.08351589600011,30.301165696000055]]]}}]}