{"displayFieldName":"","fieldAliases":{"FID":"FID","Shape_Leng":"Shape_Leng","height":"height","flg":"flg","name":"name"},"geometryType":"esriGeometryPolyline","spatialReference":{"wkid":4326,"latestWkid":4326},"fields":[{"name":"FID","type":"esriFieldTypeOID","alias":"FID"},{"name":"Shape_Leng","type":"esriFieldTypeDouble","alias":"Shape_Leng"},{"name":"height","type":"esriFieldTypeSingle","alias":"height"},{"name":"flg","type":"esriFieldTypeSingle","alias":"flg"},{"name":"name","type":"esriFieldTypeString","alias":"name","length":254}],"features":[{"attributes":{"FID":0,"Shape_Leng":0.00023400391309499999,"height":25.379999160766602,"flg":3.8599998950958252,"name":"4-4-1474"},"geometry":{"paths":[[[120.08441959800007,30.301792744000068],[120.08441958800006,30.301793133000047]],[[120.08441958800006,30.301793133000047],[120.084375927,30.301793304000057],[120.0843756480001,30.301807151000048],[120.08437466800001,30.301866328000074],[120.08441764400004,30.301867044000062],[120.08441958800006,30.301793133000047]]]}}]}