{"displayFieldName":"","fieldAliases":{"FID":"FID","Shape_Leng":"Shape_Leng","height":"height","flg":"flg","name":"name"},"geometryType":"esriGeometryPolyline","spatialReference":{"wkid":4326,"latestWkid":4326},"fields":[{"name":"FID","type":"esriFieldTypeOID","alias":"FID"},{"name":"Shape_Leng","type":"esriFieldTypeDouble","alias":"Shape_Leng"},{"name":"height","type":"esriFieldTypeSingle","alias":"height"},{"name":"flg","type":"esriFieldTypeSingle","alias":"flg"},{"name":"name","type":"esriFieldTypeString","alias":"name","length":254}],"features":[{"attributes":{"FID":0,"Shape_Leng":0.000207874000128,"height":25.379999160766602,"flg":3.8599998950958252,"name":"4-4-1430"},"geometry":{"paths":[[[120.08408861400005,30.301334711000038],[120.08408861400005,30.301282754000056],[120.08414059200004,30.301282750000041],[120.08414059300003,30.301334710000049],[120.08408861400005,30.301334711000038]]]}}]}