{"displayFieldName":"","fieldAliases":{"FID":"FID","Shape_Leng":"Shape_Leng","height":"height","flg":"flg","name":"name"},"geometryType":"esriGeometryPolyline","spatialReference":{"wkid":4326,"latestWkid":4326},"fields":[{"name":"FID","type":"esriFieldTypeOID","alias":"FID"},{"name":"Shape_Leng","type":"esriFieldTypeDouble","alias":"Shape_Leng"},{"name":"height","type":"esriFieldTypeSingle","alias":"height"},{"name":"flg","type":"esriFieldTypeSingle","alias":"flg"},{"name":"name","type":"esriFieldTypeString","alias":"name","length":254}],"features":[{"attributes":{"FID":0,"Shape_Leng":0.00031182927338499998,"height":25.379999160766602,"flg":3.8599998950958252,"name":"4-4-1407"},"geometry":{"paths":[[[120.08403693800005,30.301749485000073],[120.08414089500002,30.301749348000044],[120.08414082600007,30.301697390000072],[120.0840368690001,30.301697528000091],[120.08403693800005,30.301749485000073]]]}}]}