{"displayFieldName":"","fieldAliases":{"FID":"FID","Shape_Leng":"Shape_Leng","height":"height","flg":"flg","name":"name"},"geometryType":"esriGeometryPolyline","spatialReference":{"wkid":4326,"latestWkid":4326},"fields":[{"name":"FID","type":"esriFieldTypeOID","alias":"FID"},{"name":"Shape_Leng","type":"esriFieldTypeDouble","alias":"Shape_Leng"},{"name":"height","type":"esriFieldTypeSingle","alias":"height"},{"name":"flg","type":"esriFieldTypeSingle","alias":"flg"},{"name":"name","type":"esriFieldTypeString","alias":"name","length":254}],"features":[{"attributes":{"FID":0,"Shape_Leng":0.00024427771102799998,"height":25.379999160766602,"flg":3.8599998950958252,"name":"4-4-1424"},"geometry":{"paths":[[[120.08427866900001,30.301282748000062],[120.08434853800009,30.301282746000084],[120.08434864600008,30.301291781000089],[120.084349159,30.301334704000055],[120.08427867,30.301334706000034],[120.08427866900001,30.301282748000062]]]}}]}