{"displayFieldName":"","fieldAliases":{"FID":"FID","Shape_Leng":"Shape_Leng","height":"height","flg":"flg","name":"name"},"geometryType":"esriGeometryPolyline","spatialReference":{"wkid":4326,"latestWkid":4326},"fields":[{"name":"FID","type":"esriFieldTypeOID","alias":"FID"},{"name":"Shape_Leng","type":"esriFieldTypeDouble","alias":"Shape_Leng"},{"name":"height","type":"esriFieldTypeSingle","alias":"height"},{"name":"flg","type":"esriFieldTypeSingle","alias":"flg"},{"name":"name","type":"esriFieldTypeString","alias":"name","length":254}],"features":[{"attributes":{"FID":0,"Shape_Leng":0.00092641389977500001,"height":25.379999160766602,"flg":3.8599998950958252,"name":"4-4-1489"},"geometry":{"paths":[[[120.08341397200002,30.301750309000056],[120.083414027,30.30169814900006],[120.0838256830001,30.301697905000083],[120.08382488800009,30.301739529000088],[120.083824693,30.301749772000051],[120.08362009200005,30.30175003800008],[120.08341397200002,30.301750309000056]]]}}]}