{"displayFieldName":"","fieldAliases":{"FID":"FID","Id":"Id","Shape_Leng":"Shape_Leng","Shape_Le_1":"Shape_Le_1","height":"height","flg":"flg","name":"name"},"geometryType":"esriGeometryPolyline","spatialReference":{"wkid":4326,"latestWkid":4326},"fields":[{"name":"FID","type":"esriFieldTypeOID","alias":"FID"},{"name":"Id","type":"esriFieldTypeInteger","alias":"Id"},{"name":"Shape_Leng","type":"esriFieldTypeDouble","alias":"Shape_Leng"},{"name":"Shape_Le_1","type":"esriFieldTypeDouble","alias":"Shape_Le_1"},{"name":"height","type":"esriFieldTypeSingle","alias":"height"},{"name":"flg","type":"esriFieldTypeSingle","alias":"flg"},{"name":"name","type":"esriFieldTypeString","alias":"name","length":50}],"features":[{"attributes":{"FID":0,"Id":0,"Shape_Leng":0,"Shape_Le_1":0.00023957162465900001,"height":28.860000610351562,"flg":0,"name":"4-5-15806"},"geometry":{"paths":[[[120.08338494895646,30.30124092752698],[120.08338551732788,30.301164788224586],[120.08334184984665,30.301164463569307],[120.08334141817204,30.301214722181836],[120.08334096581315,30.30124023055237],[120.08335889199941,30.301240514738147],[120.08337116774534,30.301240708991713],[120.08338494895646,30.30124092752698]]]}}]}