{"displayFieldName":"","fieldAliases":{"FID":"FID","Id":"Id","Shape_Leng":"Shape_Leng","Shape_Le_1":"Shape_Le_1","height":"height","flg":"flg","name":"name"},"geometryType":"esriGeometryPolyline","spatialReference":{"wkid":4326,"latestWkid":4326},"fields":[{"name":"FID","type":"esriFieldTypeOID","alias":"FID"},{"name":"Id","type":"esriFieldTypeInteger","alias":"Id"},{"name":"Shape_Leng","type":"esriFieldTypeDouble","alias":"Shape_Leng"},{"name":"Shape_Le_1","type":"esriFieldTypeDouble","alias":"Shape_Le_1"},{"name":"height","type":"esriFieldTypeSingle","alias":"height"},{"name":"flg","type":"esriFieldTypeSingle","alias":"flg"},{"name":"name","type":"esriFieldTypeString","alias":"name","length":50}],"features":[{"attributes":{"FID":0,"Id":0,"Shape_Leng":0,"Shape_Le_1":0.00022952955322599999,"height":28.860000610351562,"flg":0,"name":"4-5-15808"},"geometry":{"paths":[[[120.08338249290783,30.301816099733401],[120.08338116640789,30.301865564244565],[120.08333694944088,30.301865134368594],[120.0833371616808,30.301815894687937],[120.08333832090693,30.301794052853438],[120.08338174557127,30.301794828968358],[120.08338249290783,30.301816099733401]]]}}]}