{"displayFieldName":"","fieldAliases":{"FID":"FID","Id":"Id","Shape_Leng":"Shape_Leng","Shape_Le_1":"Shape_Le_1","height":"height","flg":"flg","name":"name"},"geometryType":"esriGeometryPolyline","spatialReference":{"wkid":4326,"latestWkid":4326},"fields":[{"name":"FID","type":"esriFieldTypeOID","alias":"FID"},{"name":"Id","type":"esriFieldTypeInteger","alias":"Id"},{"name":"Shape_Leng","type":"esriFieldTypeDouble","alias":"Shape_Leng"},{"name":"Shape_Le_1","type":"esriFieldTypeDouble","alias":"Shape_Le_1"},{"name":"height","type":"esriFieldTypeSingle","alias":"height"},{"name":"flg","type":"esriFieldTypeSingle","alias":"flg"},{"name":"name","type":"esriFieldTypeString","alias":"name","length":50}],"features":[{"attributes":{"FID":0,"Id":0,"Shape_Leng":0,"Shape_Le_1":0.00029582132787599999,"height":28.860000610351562,"flg":0.20000000298023224,"name":"4-5-15812"},"geometry":{"paths":[[[120.08437411687213,30.30121606486966],[120.08434743668499,30.301215601718809],[120.08434814175348,30.301260013838714],[120.08434853835455,30.301282746002073],[120.08434864627317,30.301291780591388],[120.08442024759654,30.30129096490629],[120.08442148776157,30.301240495852369],[120.08437411147624,30.301239537175093],[120.08437411687213,30.30121606486966]]]}}]}