{"displayFieldName":"","fieldAliases":{"FID":"FID","Id":"Id","Shape_Leng":"Shape_Leng","Shape_Le_1":"Shape_Le_1","height":"height","flg":"flg","name":"name"},"geometryType":"esriGeometryPolyline","spatialReference":{"wkid":4326,"latestWkid":4326},"fields":[{"name":"FID","type":"esriFieldTypeOID","alias":"FID"},{"name":"Id","type":"esriFieldTypeInteger","alias":"Id"},{"name":"Shape_Leng","type":"esriFieldTypeDouble","alias":"Shape_Leng"},{"name":"Shape_Le_1","type":"esriFieldTypeDouble","alias":"Shape_Le_1"},{"name":"height","type":"esriFieldTypeSingle","alias":"height"},{"name":"flg","type":"esriFieldTypeSingle","alias":"flg"},{"name":"name","type":"esriFieldTypeString","alias":"name","length":50}],"features":[{"attributes":{"FID":0,"Id":0,"Shape_Leng":0,"Shape_Le_1":0.00087146941665899999,"height":28.860000610351562,"flg":0.20000000298023224,"name":"4-5-15807"},"geometry":{"paths":[[[120.0843470976406,30.301771807223304],[120.08424486720709,30.301771943020924],[120.08414091007513,30.301772080617184],[120.0839339949581,30.301772354011117],[120.0839340965815,30.301749620948378],[120.08434699691657,30.301749075059938],[120.0843470976406,30.301771807223304]]]}}]}