{"displayFieldName":"","fieldAliases":{"FID":"FID","Id":"Id","Shape_Leng":"Shape_Leng","Shape_Le_1":"Shape_Le_1","height":"height","flg":"flg","name":"name"},"geometryType":"esriGeometryPolyline","spatialReference":{"wkid":4326,"latestWkid":4326},"fields":[{"name":"FID","type":"esriFieldTypeOID","alias":"FID"},{"name":"Id","type":"esriFieldTypeInteger","alias":"Id"},{"name":"Shape_Leng","type":"esriFieldTypeDouble","alias":"Shape_Leng"},{"name":"Shape_Le_1","type":"esriFieldTypeDouble","alias":"Shape_Le_1"},{"name":"height","type":"esriFieldTypeSingle","alias":"height"},{"name":"flg","type":"esriFieldTypeSingle","alias":"flg"},{"name":"name","type":"esriFieldTypeString","alias":"name","length":50}],"features":[{"attributes":{"FID":0,"Id":0,"Shape_Leng":0,"Shape_Le_1":0.00038253316134899998,"height":28.860000610351562,"flg":0,"name":"4-5-15804"},"geometry":{"paths":[[[120.08390551612683,30.301815100586566],[120.08390582279571,30.301792872043563],[120.08385849867089,30.301792604045591],[120.0838568682001,30.30181749278324]],[[120.08390551612683,30.301815100586566],[120.08390505117734,30.301864629848971],[120.08385796807089,30.301864882558451],[120.0838568682001,30.30181749278324]],[[120.0838568682001,30.30181749278324],[120.08385796807089,30.301864882558451],[120.08390505117734,30.301864629848971],[120.08390551612683,30.301815100586566]]]}}]}