{
    "displayFieldName": "",
    "fieldAliases": {
        "FID": "FID",
        "Id": "Id",
        "Shape_Leng": "Shape_Leng",
        "Shape_Le_1": "Shape_Le_1",
        "height": "height",
        "flg": "flg",
        "name": "name"
    },
    "geometryType": "esriGeometryPolyline",
    "spatialReference": {
        "wkid": 4326,
        "latestWkid": 4326
    },
    "fields": [
        {
            "name": "FID",
            "type": "esriFieldTypeOID",
            "alias": "FID"
        },
        {
            "name": "Id",
            "type": "esriFieldTypeInteger",
            "alias": "Id"
        },
        {
            "name": "Shape_Leng",
            "type": "esriFieldTypeDouble",
            "alias": "Shape_Leng"
        },
        {
            "name": "Shape_Le_1",
            "type": "esriFieldTypeDouble",
            "alias": "Shape_Le_1"
        },
        {
            "name": "height",
            "type": "esriFieldTypeSingle",
            "alias": "height"
        },
        {
            "name": "flg",
            "type": "esriFieldTypeSingle",
            "alias": "flg"
        },
        {
            "name": "name",
            "type": "esriFieldTypeString",
            "alias": "name",
            "length": 50
        }
    ],
    "features": [
        {
            "attributes": {
                "FID": 0,
                "Id": 0,
                "Shape_Leng": 0,
                "Shape_Le_1": 0.000396526041569,
                "height": 28.860000610351562,
                "flg": 3.8599998950958252,
                "name": "4-5-1508"
            },
            "geometry": {
                "paths": [
                    [
                        [
                            120.08424499401144,
                            30.301867554444243
                        ],
                        [
                            120.08424486720709,
                            30.301771943020924
                        ],
                        [
                            120.0843470976406,
                            30.301771807223304
                        ],
                        [
                            120.08434771007899,
                            30.301867772979506
                        ],
                        [
                            120.08424499401144,
                            30.301867554444243
                        ]
                    ]
                ]
            }
        }
    ]
}