{"displayFieldName":"","fieldAliases":{"FID":"FID","Id":"Id","Shape_Leng":"Shape_Leng","Shape_Le_1":"Shape_Le_1","height":"height","flg":"flg","name":"name"},"geometryType":"esriGeometryPolyline","spatialReference":{"wkid":4326,"latestWkid":4326},"fields":[{"name":"FID","type":"esriFieldTypeOID","alias":"FID"},{"name":"Id","type":"esriFieldTypeInteger","alias":"Id"},{"name":"Shape_Leng","type":"esriFieldTypeDouble","alias":"Shape_Leng"},{"name":"Shape_Le_1","type":"esriFieldTypeDouble","alias":"Shape_Le_1"},{"name":"height","type":"esriFieldTypeSingle","alias":"height"},{"name":"flg","type":"esriFieldTypeSingle","alias":"flg"},{"name":"name","type":"esriFieldTypeString","alias":"name","length":50}],"features":[{"attributes":{"FID":0,"Id":0,"Shape_Leng":0,"Shape_Le_1":0.00024785301315900001,"height":28.860000610351562,"flg":0,"name":"4-5-15805"},"geometry":{"paths":[[[120.08437592720747,30.301793303718171],[120.08437564841755,30.301807150579691]],[[120.084419598286,30.301792744339821],[120.0844195883934,30.301793132846967],[120.08437592720747,30.301793303718171],[120.08437564841755,30.301807150579691]],[[120.08437564841755,30.301807150579691],[120.08437466815656,30.301866327768948],[120.08441764405916,30.301867043629329],[120.0844195883934,30.301793132846967]]]}}]}