{"displayFieldName":"","fieldAliases":{"FID":"FID","Id":"Id","Shape_Leng":"Shape_Leng","Shape_Le_1":"Shape_Le_1","height":"height","flg":"flg","name":"name"},"geometryType":"esriGeometryPolyline","spatialReference":{"wkid":4326,"latestWkid":4326},"fields":[{"name":"FID","type":"esriFieldTypeOID","alias":"FID"},{"name":"Id","type":"esriFieldTypeInteger","alias":"Id"},{"name":"Shape_Leng","type":"esriFieldTypeDouble","alias":"Shape_Leng"},{"name":"Shape_Le_1","type":"esriFieldTypeDouble","alias":"Shape_Le_1"},{"name":"height","type":"esriFieldTypeSingle","alias":"height"},{"name":"flg","type":"esriFieldTypeSingle","alias":"flg"},{"name":"name","type":"esriFieldTypeString","alias":"name","length":50}],"features":[{"attributes":{"FID":0,"Id":0,"Shape_Leng":0,"Shape_Le_1":0.00019858448946699999,"height":28.860000610351562,"flg":3.8599998950958252,"name":"4-5-1523"},"geometry":{"paths":[[[120.08429633810569,30.301260014738034],[120.08429671851887,30.301212678022861],[120.0842445335586,30.301212758961807],[120.08424453445787,30.30126001653667],[120.08429633810569,30.301260014738034]]]}}]}