{"displayFieldName":"","fieldAliases":{"FID":"FID","Id":"Id","Shape_Leng":"Shape_Leng","Shape_Le_1":"Shape_Le_1","height":"height","flg":"flg","name":"name"},"geometryType":"esriGeometryPolyline","spatialReference":{"wkid":4326,"latestWkid":4326},"fields":[{"name":"FID","type":"esriFieldTypeOID","alias":"FID"},{"name":"Id","type":"esriFieldTypeInteger","alias":"Id"},{"name":"Shape_Leng","type":"esriFieldTypeDouble","alias":"Shape_Leng"},{"name":"Shape_Le_1","type":"esriFieldTypeDouble","alias":"Shape_Le_1"},{"name":"height","type":"esriFieldTypeSingle","alias":"height"},{"name":"flg","type":"esriFieldTypeSingle","alias":"flg"},{"name":"name","type":"esriFieldTypeString","alias":"name","length":50}],"features":[{"attributes":{"FID":0,"Id":0,"Shape_Leng":0,"Shape_Le_1":0.00088130586852999996,"height":28.860000610351562,"flg":0.20000000298023224,"name":"4-5-15801"},"geometry":{"paths":[[[120.08393059192349,30.301282763988524],[120.08393038418002,30.301259898725501],[120.08414057642665,30.30126001833537],[120.08424453445787,30.30126001653667],[120.08434814175348,30.301260013838714],[120.08434853835455,30.301282746002073],[120.08393059192349,30.301282763988524]]]}}]}