{"displayFieldName":"","fieldAliases":{"FID":"FID","Id":"Id","Shape_Leng":"Shape_Leng","Shape_Le_1":"Shape_Le_1","height":"height","flg":"flg","name":"name"},"geometryType":"esriGeometryPolyline","spatialReference":{"wkid":4326,"latestWkid":4326},"fields":[{"name":"FID","type":"esriFieldTypeOID","alias":"FID"},{"name":"Id","type":"esriFieldTypeInteger","alias":"Id"},{"name":"Shape_Leng","type":"esriFieldTypeDouble","alias":"Shape_Leng"},{"name":"Shape_Le_1","type":"esriFieldTypeDouble","alias":"Shape_Le_1"},{"name":"height","type":"esriFieldTypeSingle","alias":"height"},{"name":"flg","type":"esriFieldTypeSingle","alias":"flg"},{"name":"name","type":"esriFieldTypeString","alias":"name","length":50}],"features":[{"attributes":{"FID":0,"Id":0,"Shape_Leng":0,"Shape_Le_1":0.00029380977227399998,"height":28.860000610351562,"flg":0.20000000298023224,"name":"4-5-15811"},"geometry":{"paths":[[[120.0844195883934,30.301793132846967],[120.08437592720747,30.301793303718171],[120.08437564841755,30.301807150579691],[120.08435541277231,30.301806726099702],[120.08435541187293,30.301815834433398],[120.08434737822914,30.301815725615427],[120.0843470976406,30.301771807223304],[120.08434699691657,30.301749075059938],[120.08434730898124,30.30174142093],[120.08442091579286,30.301741765370362],[120.084419598286,30.301792744339821]]]}}]}