{"displayFieldName":"","fieldAliases":{"FID":"FID","Id":"Id","Shape_Leng":"Shape_Leng","Shape_Le_1":"Shape_Le_1","height":"height","flg":"flg","name":"name"},"geometryType":"esriGeometryPolyline","spatialReference":{"wkid":4326,"latestWkid":4326},"fields":[{"name":"FID","type":"esriFieldTypeOID","alias":"FID"},{"name":"Id","type":"esriFieldTypeInteger","alias":"Id"},{"name":"Shape_Leng","type":"esriFieldTypeDouble","alias":"Shape_Leng"},{"name":"Shape_Le_1","type":"esriFieldTypeDouble","alias":"Shape_Le_1"},{"name":"height","type":"esriFieldTypeSingle","alias":"height"},{"name":"flg","type":"esriFieldTypeSingle","alias":"flg"},{"name":"name","type":"esriFieldTypeString","alias":"name","length":50}],"features":[{"attributes":{"FID":0,"Id":0,"Shape_Leng":0,"Shape_Le_1":0.000382259655308,"height":28.860000610351562,"flg":0,"name":"4-5-15802"},"geometry":{"paths":[[[120.08385963541399,30.301218219645307],[120.08386094392756,30.301163182035392],[120.08390420941193,30.301163313336421],[120.08390432092789,30.301213653787272],[120.08390454665766,30.301235540587871],[120.0838585256506,30.301235214134007],[120.08385963541399,30.301218219645307]],[[120.08385963541399,30.301218219645307],[120.08386094392756,30.301163182035392],[120.08390420941193,30.301163313336421],[120.08390432092789,30.301213653787272]]]}}]}