{
    "displayFieldName": "",
    "fieldAliases": {
        "FID": "FID",
        "Id": "Id",
        "height": "height",
        "flg": "flg"
    },
    "geometryType": "esriGeometryPolyline",
    "spatialReference": {
        "wkid": 4326,
        "latestWkid": 4326
    },
    "fields": [
        {
            "name": "FID",
            "type": "esriFieldTypeOID",
            "alias": "FID"
        },
        {
            "name": "Id",
            "type": "esriFieldTypeInteger",
            "alias": "Id"
        },
        {
            "name": "height",
            "type": "esriFieldTypeSingle",
            "alias": "height"
        },
        {
            "name": "flg",
            "type": "esriFieldTypeSingle",
            "alias": "flg"
        }
    ],
    "features": [
        {
            "attributes": {
                "FID": 0,
                "Id": 0,
                "height": 12.430000305175781,
                "flg": 20.670000076293945
            },
            "geometry": {
                "paths": [
                    [
                        [
                            120.0844176440296,
                            30.301867043814866
                        ],
                        [
                            120.08441958800029,
                            30.30179313300016
                        ],
                        [
                            120.0844195980003,
                            30.301792744000181
                        ],
                        [
                            120.08442091600023,
                            30.301741765000145
                        ],
                        [
                            120.08434730900012,
                            30.301741421000145
                        ],
                        [
                            120.08434911400002,
                            30.301697115000195
                        ],
                        [
                            120.08436301512859,
                            30.30156207388751
                        ],
                        [
                            120.08436391000009,
                            30.301468115000091
                        ],
                        [
                            120.08434915894338,
                            30.301334704166777
                        ],
                        [
                            120.08434864600008,
                            30.301291781000202
                        ],
                        [
                            120.08442024800001,
                            30.301290965000135
                        ],
                        [
                            120.08442148800009,
                            30.301240496000162
                        ],
                        [
                            120.08442248600022,
                            30.301162911000063
                        ],
                        [
                            120.08437509800001,
                            30.301161299000057
                        ],
                        [
                            120.08437411700004,
                            30.301216065000176
                        ],
                        [
                            120.08434743700013,
                            30.30121560200007
                        ],
                        [
                            120.08434966300013,
                            30.301165181000044
                        ],
                        [
                            120.08424453300029,
                            30.301165501000071
                        ],
                        [
                            120.08414057400012,
                            30.301165818000186
                        ],
                        [
                            120.08403661700015,
                            30.30116613500013
                        ],
                        [
                            120.08393123600001,
                            30.30116645600009
                        ],
                        [
                            120.08392996700002,
                            30.301214016000074
                        ],
                        [
                            120.0839043210002,
                            30.301213654000037
                        ],
                        [
                            120.08390420900002,
                            30.301163313000075
                        ],
                        [
                            120.08386094400009,
                            30.301163182000153
                        ],
                        [
                            120.08385963500007,
                            30.301218220000067
                        ],
                        [
                            120.08382632400003,
                            30.301217477000137
                        ],
                        [
                            120.08382616200004,
                            30.301165366000134
                        ],
                        [
                            120.08372380900005,
                            30.301165474000186
                        ],
                        [
                            120.0836198520002,
                            30.301165585000092
                        ],
                        [
                            120.08351589600011,
                            30.301165696000169
                        ],
                        [
                            120.08341426700019,
                            30.301165803999993
                        ],
                        [
                            120.08341355000005,
                            30.301215806000073
                        ],
                        [
                            120.08338513900003,
                            30.301215410000054
                        ],
                        [
                            120.08338551700012,
                            30.301164788000108
                        ],
                        [
                            120.08334185000012,
                            30.301164464000067
                        ],
                        [
                            120.08334141800026,
                            30.301214722000168
                        ],
                        [
                            120.08331005900004,
                            30.301214016000074
                        ],
                        [
                            120.0833103870001,
                            30.301260032000187
                        ],
                        [
                            120.08331064400022,
                            30.301296920000198
                        ],
                        [
                            120.08331069400003,
                            30.301304716000118
                        ],
                        [
                            120.0833108410003,
                            30.301323514999979
                        ],
                        [
                            120.08331091100013,
                            30.301333291000105
                        ],
                        [
                            120.08332731800033,
                            30.301333281000097
                        ],
                        [
                            120.08334291200003,
                            30.301333272000193
                        ],
                        [
                            120.08335729800001,
                            30.301333263999993
                        ],
                        [
                            120.08338091100006,
                            30.301333250000198
                        ],
                        [
                            120.083381046,
                            30.301490326000021
                        ],
                        [
                            120.08338106500025,
                            30.301512047000131
                        ],
                        [
                            120.0833810920002,
                            30.301543094000124
                        ],
                        [
                            120.0833811010001,
                            30.3015546150001
                        ],
                        [
                            120.08338113100012,
                            30.301589191000119
                        ],
                        [
                            120.08338114600019,
                            30.301606771000195
                        ],
                        [
                            120.08338115400022,
                            30.301615868000113
                        ],
                        [
                            120.08338117400001,
                            30.301639410000121
                        ],
                        [
                            120.08338119500013,
                            30.301663766000161
                        ],
                        [
                            120.08338120600001,
                            30.301676189000034
                        ],
                        [
                            120.08338121600002,
                            30.30168805500017
                        ],
                        [
                            120.08338122500027,
                            30.301698138000177
                        ],
                        [
                            120.08331070600002,
                            30.30169883300016
                        ],
                        [
                            120.08330974100022,
                            30.301735691000204
                        ],
                        [
                            120.0833087630001,
                            30.301773040000171
                        ],
                        [
                            120.08330875900015,
                            30.301773180000168
                        ],
                        [
                            120.08330846800004,
                            30.301784293000139
                        ],
                        [
                            120.08330814600004,
                            30.301796596000145
                        ],
                        [
                            120.08330794000017,
                            30.301804444000084
                        ],
                        [
                            120.08330765700009,
                            30.301815255000179
                        ],
                        [
                            120.08332291000011,
                            30.301815586000146
                        ],
                        [
                            120.08332751400019,
                            30.301815686000111
                        ],
                        [
                            120.08333716200013,
                            30.301815895000061
                        ],
                        [
                            120.083336949,
                            30.301865134000138
                        ],
                        [
                            120.08338116600021,
                            30.301865564000195
                        ],
                        [
                            120.08338249300004,
                            30.301816100000167
                        ],
                        [
                            120.08341260500004,
                            30.301816127000109
                        ],
                        [
                            120.08341154200002,
                            30.301867746000198
                        ],
                        [
                            120.08351634300004,
                            30.301867851999987
                        ],
                        [
                            120.08357966200003,
                            30.30204837500014
                        ],
                        [
                            120.08357124000008,
                            30.302217842000175
                        ],
                        [
                            120.08372827200014,
                            30.30222142100007
                        ],
                        [
                            120.083816103,
                            30.302238857000077
                        ],
                        [
                            120.08387495900013,
                            30.302250765000167
                        ],
                        [
                            120.08392409000021,
                            30.302260625000088
                        ],
                        [
                            120.08394788300006,
                            30.302268019000167
                        ],
                        [
                            120.083969572,
                            30.302278914000112
                        ],
                        [
                            120.0839859140001,
                            30.302289771000176
                        ],
                        [
                            120.08399483700009,
                            30.302300370000069
                        ],
                        [
                            120.08399953100013,
                            30.302311927000062
                        ],
                        [
                            120.08400058200004,
                            30.302323441000112
                        ],
                        [
                            120.08399987800021,
                            30.302407932000108
                        ],
                        [
                            120.0840533720002,
                            30.302408102000129
                        ],
                        [
                            120.08434174200011,
                            30.302408676000198
                        ],
                        [
                            120.08443994900017,
                            30.302409687000193
                        ],
                        [
                            120.08443731300008,
                            30.302163785000062
                        ],
                        [
                            120.08439749400009,
                            30.302161943000101
                        ],
                        [
                            120.08439484592486,
                            30.302080131789126
                        ],
                        [
                            120.0844176440296,
                            30.301867043814866
                        ]
                    ]
                ]
            }
        }
    ]
}